seriesIdentifier,preprocessed_2_path_jpeg,frame_num
1047630,/w/246/gzk/PPMI/T1_PD_clustring/1047630_8.jpg,8
1047631,/w/246/gzk/PPMI/T1_PD_clustring/1047631_8.jpg,8
1047632,/w/246/gzk/PPMI/T1_PD_clustring/1047632_8.jpg,8
1047633,/w/246/gzk/PPMI/T1_PD_clustring/1047633_8.jpg,8
1047634,/w/246/gzk/PPMI/T1_PD_clustring/1047634_8.jpg,8
1047635,/w/246/gzk/PPMI/T1_PD_clustring/1047635_8.jpg,8
1047636,/w/246/gzk/PPMI/T1_PD_clustring/1047636_8.jpg,8
1047637,/w/246/gzk/PPMI/T1_PD_clustring/1047637_8.jpg,8
1047638,/w/246/gzk/PPMI/T1_PD_clustring/1047638_8.jpg,8
1047639,/w/246/gzk/PPMI/T1_PD_clustring/1047639_8.jpg,8
1047935,/w/246/gzk/PPMI/T1_PD_clustring/1047935_8.jpg,8
1047936,/w/246/gzk/PPMI/T1_PD_clustring/1047936_8.jpg,8
1047937,/w/246/gzk/PPMI/T1_PD_clustring/1047937_8.jpg,8
1047938,/w/246/gzk/PPMI/T1_PD_clustring/1047938_8.jpg,8
1047939,/w/246/gzk/PPMI/T1_PD_clustring/1047939_8.jpg,8
1047940,/w/246/gzk/PPMI/T1_PD_clustring/1047940_8.jpg,8
1047941,/w/246/gzk/PPMI/T1_PD_clustring/1047941_8.jpg,8
1047942,/w/246/gzk/PPMI/T1_PD_clustring/1047942_8.jpg,8
1047943,/w/246/gzk/PPMI/T1_PD_clustring/1047943_8.jpg,8
1047944,/w/246/gzk/PPMI/T1_PD_clustring/1047944_8.jpg,8
1067280,/w/246/gzk/PPMI/T1_PD_clustring/1067280_8.jpg,8
1067281,/w/246/gzk/PPMI/T1_PD_clustring/1067281_8.jpg,8
1067282,/w/246/gzk/PPMI/T1_PD_clustring/1067282_8.jpg,8
1067283,/w/246/gzk/PPMI/T1_PD_clustring/1067283_8.jpg,8
1067284,/w/246/gzk/PPMI/T1_PD_clustring/1067284_8.jpg,8
1067292,/w/246/gzk/PPMI/T1_PD_clustring/1067292_8.jpg,8
1067293,/w/246/gzk/PPMI/T1_PD_clustring/1067293_8.jpg,8
1067294,/w/246/gzk/PPMI/T1_PD_clustring/1067294_8.jpg,8
1067295,/w/246/gzk/PPMI/T1_PD_clustring/1067295_8.jpg,8
1067296,/w/246/gzk/PPMI/T1_PD_clustring/1067296_8.jpg,8
1067304,/w/246/gzk/PPMI/T1_PD_clustring/1067304_8.jpg,8
1067305,/w/246/gzk/PPMI/T1_PD_clustring/1067305_8.jpg,8
1067306,/w/246/gzk/PPMI/T1_PD_clustring/1067306_8.jpg,8
1067307,/w/246/gzk/PPMI/T1_PD_clustring/1067307_8.jpg,8
1067308,/w/246/gzk/PPMI/T1_PD_clustring/1067308_8.jpg,8
1062037,/w/246/gzk/PPMI/T1_PD_clustring/1062037_8.jpg,8
1062038,/w/246/gzk/PPMI/T1_PD_clustring/1062038_8.jpg,8
1062039,/w/246/gzk/PPMI/T1_PD_clustring/1062039_8.jpg,8
1062040,/w/246/gzk/PPMI/T1_PD_clustring/1062040_8.jpg,8
1062041,/w/246/gzk/PPMI/T1_PD_clustring/1062041_8.jpg,8
1063508,/w/246/gzk/PPMI/T1_PD_clustring/1063508_128.jpg,128
1067317,/w/246/gzk/PPMI/T1_PD_clustring/1067317_8.jpg,8
1067318,/w/246/gzk/PPMI/T1_PD_clustring/1067318_8.jpg,8
1067319,/w/246/gzk/PPMI/T1_PD_clustring/1067319_8.jpg,8
1067320,/w/246/gzk/PPMI/T1_PD_clustring/1067320_8.jpg,8
1067321,/w/246/gzk/PPMI/T1_PD_clustring/1067321_8.jpg,8
1066113,/w/246/gzk/PPMI/T1_PD_clustring/1066113_80.jpg,80
1066112,/w/246/gzk/PPMI/T1_PD_clustring/1066112_128.jpg,128
1066123,/w/246/gzk/PPMI/T1_PD_clustring/1066123_128.jpg,128
1065828,/w/246/gzk/PPMI/T1_PD_clustring/1065828_8.jpg,8
1065829,/w/246/gzk/PPMI/T1_PD_clustring/1065829_8.jpg,8
1065830,/w/246/gzk/PPMI/T1_PD_clustring/1065830_8.jpg,8
1065831,/w/246/gzk/PPMI/T1_PD_clustring/1065831_8.jpg,8
1065832,/w/246/gzk/PPMI/T1_PD_clustring/1065832_8.jpg,8
1065833,/w/246/gzk/PPMI/T1_PD_clustring/1065833_8.jpg,8
1065834,/w/246/gzk/PPMI/T1_PD_clustring/1065834_8.jpg,8
1065835,/w/246/gzk/PPMI/T1_PD_clustring/1065835_8.jpg,8
1065836,/w/246/gzk/PPMI/T1_PD_clustring/1065836_8.jpg,8
1066141,/w/246/gzk/PPMI/T1_PD_clustring/1066141_5.jpg,5
1066143,/w/246/gzk/PPMI/T1_PD_clustring/1066143_5.jpg,5
1066144,/w/246/gzk/PPMI/T1_PD_clustring/1066144_5.jpg,5
1066145,/w/246/gzk/PPMI/T1_PD_clustring/1066145_5.jpg,5
1066138,/w/246/gzk/PPMI/T1_PD_clustring/1066138_80.jpg,80
1066137,/w/246/gzk/PPMI/T1_PD_clustring/1066137_128.jpg,128
1066153,/w/246/gzk/PPMI/T1_PD_clustring/1066153_8.jpg,8
1066154,/w/246/gzk/PPMI/T1_PD_clustring/1066154_8.jpg,8
1066155,/w/246/gzk/PPMI/T1_PD_clustring/1066155_8.jpg,8
1066156,/w/246/gzk/PPMI/T1_PD_clustring/1066156_8.jpg,8
1066157,/w/246/gzk/PPMI/T1_PD_clustring/1066157_8.jpg,8
1068208,/w/246/gzk/PPMI/T1_PD_clustring/1068208_8.jpg,8
1068210,/w/246/gzk/PPMI/T1_PD_clustring/1068210_8.jpg,8
1068212,/w/246/gzk/PPMI/T1_PD_clustring/1068212_8.jpg,8
1068214,/w/246/gzk/PPMI/T1_PD_clustring/1068214_8.jpg,8
1068216,/w/246/gzk/PPMI/T1_PD_clustring/1068216_8.jpg,8
1068251,/w/246/gzk/PPMI/T1_PD_clustring/1068251_8.jpg,8
1068252,/w/246/gzk/PPMI/T1_PD_clustring/1068252_8.jpg,8
1068253,/w/246/gzk/PPMI/T1_PD_clustring/1068253_8.jpg,8
1068254,/w/246/gzk/PPMI/T1_PD_clustring/1068254_8.jpg,8
1068255,/w/246/gzk/PPMI/T1_PD_clustring/1068255_8.jpg,8
1066190,/w/246/gzk/PPMI/T1_PD_clustring/1066190_128.jpg,128
1066217,/w/246/gzk/PPMI/T1_PD_clustring/1066217_5.jpg,5
1066219,/w/246/gzk/PPMI/T1_PD_clustring/1066219_5.jpg,5
1066220,/w/246/gzk/PPMI/T1_PD_clustring/1066220_5.jpg,5
1066221,/w/246/gzk/PPMI/T1_PD_clustring/1066221_5.jpg,5
1066214,/w/246/gzk/PPMI/T1_PD_clustring/1066214_80.jpg,80
1066213,/w/246/gzk/PPMI/T1_PD_clustring/1066213_128.jpg,128
1065842,/w/246/gzk/PPMI/T1_PD_clustring/1065842_8.jpg,8
1065843,/w/246/gzk/PPMI/T1_PD_clustring/1065843_8.jpg,8
1065844,/w/246/gzk/PPMI/T1_PD_clustring/1065844_8.jpg,8
1065845,/w/246/gzk/PPMI/T1_PD_clustring/1065845_8.jpg,8
1065846,/w/246/gzk/PPMI/T1_PD_clustring/1065846_8.jpg,8
1065847,/w/246/gzk/PPMI/T1_PD_clustring/1065847_8.jpg,8
1065848,/w/246/gzk/PPMI/T1_PD_clustring/1065848_8.jpg,8
1065849,/w/246/gzk/PPMI/T1_PD_clustring/1065849_8.jpg,8
1065850,/w/246/gzk/PPMI/T1_PD_clustring/1065850_8.jpg,8
1065851,/w/246/gzk/PPMI/T1_PD_clustring/1065851_8.jpg,8
1062048,/w/246/gzk/PPMI/T1_PD_clustring/1062048_8.jpg,8
1062049,/w/246/gzk/PPMI/T1_PD_clustring/1062049_8.jpg,8
1062050,/w/246/gzk/PPMI/T1_PD_clustring/1062050_8.jpg,8
1062051,/w/246/gzk/PPMI/T1_PD_clustring/1062051_8.jpg,8
1062052,/w/246/gzk/PPMI/T1_PD_clustring/1062052_8.jpg,8
1068266,/w/246/gzk/PPMI/T1_PD_clustring/1068266_8.jpg,8
1068267,/w/246/gzk/PPMI/T1_PD_clustring/1068267_8.jpg,8
1068268,/w/246/gzk/PPMI/T1_PD_clustring/1068268_8.jpg,8
1068269,/w/246/gzk/PPMI/T1_PD_clustring/1068269_8.jpg,8
1068270,/w/246/gzk/PPMI/T1_PD_clustring/1068270_8.jpg,8
1063530,/w/246/gzk/PPMI/T1_PD_clustring/1063530_128.jpg,128
1063529,/w/246/gzk/PPMI/T1_PD_clustring/1063529_256.jpg,256
1062057,/w/246/gzk/PPMI/T1_PD_clustring/1062057_8.jpg,8
1062058,/w/246/gzk/PPMI/T1_PD_clustring/1062058_8.jpg,8
1062059,/w/246/gzk/PPMI/T1_PD_clustring/1062059_8.jpg,8
1062060,/w/246/gzk/PPMI/T1_PD_clustring/1062060_8.jpg,8
1062061,/w/246/gzk/PPMI/T1_PD_clustring/1062061_8.jpg,8
1063537,/w/246/gzk/PPMI/T1_PD_clustring/1063537_128.jpg,128
1063545,/w/246/gzk/PPMI/T1_PD_clustring/1063545_128.jpg,128
1063544,/w/246/gzk/PPMI/T1_PD_clustring/1063544_256.jpg,256
1066232,/w/246/gzk/PPMI/T1_PD_clustring/1066232_5.jpg,5
1066225,/w/246/gzk/PPMI/T1_PD_clustring/1066225_80.jpg,80
1066224,/w/246/gzk/PPMI/T1_PD_clustring/1066224_128.jpg,128
1068289,/w/246/gzk/PPMI/T1_PD_clustring/1068289_8.jpg,8
1068291,/w/246/gzk/PPMI/T1_PD_clustring/1068291_8.jpg,8
1068292,/w/246/gzk/PPMI/T1_PD_clustring/1068292_8.jpg,8
1068293,/w/246/gzk/PPMI/T1_PD_clustring/1068293_8.jpg,8
1068294,/w/246/gzk/PPMI/T1_PD_clustring/1068294_8.jpg,8
1066354,/w/246/gzk/PPMI/T1_PD_clustring/1066354_8.jpg,8
1066355,/w/246/gzk/PPMI/T1_PD_clustring/1066355_8.jpg,8
1066356,/w/246/gzk/PPMI/T1_PD_clustring/1066356_8.jpg,8
1066357,/w/246/gzk/PPMI/T1_PD_clustring/1066357_8.jpg,8
1066358,/w/246/gzk/PPMI/T1_PD_clustring/1066358_8.jpg,8
1066351,/w/246/gzk/PPMI/T1_PD_clustring/1066351_128.jpg,128
1066365,/w/246/gzk/PPMI/T1_PD_clustring/1066365_8.jpg,8
1066366,/w/246/gzk/PPMI/T1_PD_clustring/1066366_8.jpg,8
1066367,/w/246/gzk/PPMI/T1_PD_clustring/1066367_8.jpg,8
1066368,/w/246/gzk/PPMI/T1_PD_clustring/1066368_8.jpg,8
1066369,/w/246/gzk/PPMI/T1_PD_clustring/1066369_8.jpg,8
1066362,/w/246/gzk/PPMI/T1_PD_clustring/1066362_128.jpg,128
1063553,/w/246/gzk/PPMI/T1_PD_clustring/1063553_128.jpg,128
1063552,/w/246/gzk/PPMI/T1_PD_clustring/1063552_256.jpg,256
1065857,/w/246/gzk/PPMI/T1_PD_clustring/1065857_8.jpg,8
1065858,/w/246/gzk/PPMI/T1_PD_clustring/1065858_8.jpg,8
1065859,/w/246/gzk/PPMI/T1_PD_clustring/1065859_8.jpg,8
1065860,/w/246/gzk/PPMI/T1_PD_clustring/1065860_8.jpg,8
1065861,/w/246/gzk/PPMI/T1_PD_clustring/1065861_8.jpg,8
1065862,/w/246/gzk/PPMI/T1_PD_clustring/1065862_8.jpg,8
1065863,/w/246/gzk/PPMI/T1_PD_clustring/1065863_8.jpg,8
1065864,/w/246/gzk/PPMI/T1_PD_clustring/1065864_8.jpg,8
1065865,/w/246/gzk/PPMI/T1_PD_clustring/1065865_8.jpg,8
1065866,/w/246/gzk/PPMI/T1_PD_clustring/1065866_8.jpg,8
1063561,/w/246/gzk/PPMI/T1_PD_clustring/1063561_128.jpg,128
1063560,/w/246/gzk/PPMI/T1_PD_clustring/1063560_256.jpg,256
1063562,/w/246/gzk/PPMI/T1_PD_clustring/1063562_25.jpg,25
1066397,/w/246/gzk/PPMI/T1_PD_clustring/1066397_128.jpg,128
1065887,/w/246/gzk/PPMI/T1_PD_clustring/1065887_8.jpg,8
1065888,/w/246/gzk/PPMI/T1_PD_clustring/1065888_8.jpg,8
1065889,/w/246/gzk/PPMI/T1_PD_clustring/1065889_8.jpg,8
1065890,/w/246/gzk/PPMI/T1_PD_clustring/1065890_8.jpg,8
1065891,/w/246/gzk/PPMI/T1_PD_clustring/1065891_8.jpg,8
1065892,/w/246/gzk/PPMI/T1_PD_clustring/1065892_8.jpg,8
1065893,/w/246/gzk/PPMI/T1_PD_clustring/1065893_8.jpg,8
1065894,/w/246/gzk/PPMI/T1_PD_clustring/1065894_8.jpg,8
1065895,/w/246/gzk/PPMI/T1_PD_clustring/1065895_8.jpg,8
1065896,/w/246/gzk/PPMI/T1_PD_clustring/1065896_8.jpg,8
1068334,/w/246/gzk/PPMI/T1_PD_clustring/1068334_8.jpg,8
1068335,/w/246/gzk/PPMI/T1_PD_clustring/1068335_8.jpg,8
1068336,/w/246/gzk/PPMI/T1_PD_clustring/1068336_8.jpg,8
1068337,/w/246/gzk/PPMI/T1_PD_clustring/1068337_8.jpg,8
1068338,/w/246/gzk/PPMI/T1_PD_clustring/1068338_8.jpg,8
1068346,/w/246/gzk/PPMI/T1_PD_clustring/1068346_8.jpg,8
1068347,/w/246/gzk/PPMI/T1_PD_clustring/1068347_8.jpg,8
1068348,/w/246/gzk/PPMI/T1_PD_clustring/1068348_8.jpg,8
1068349,/w/246/gzk/PPMI/T1_PD_clustring/1068349_8.jpg,8
1068350,/w/246/gzk/PPMI/T1_PD_clustring/1068350_8.jpg,8
1066409,/w/246/gzk/PPMI/T1_PD_clustring/1066409_5.jpg,5
1066404,/w/246/gzk/PPMI/T1_PD_clustring/1066404_80.jpg,80
1066403,/w/246/gzk/PPMI/T1_PD_clustring/1066403_128.jpg,128
1066422,/w/246/gzk/PPMI/T1_PD_clustring/1066422_8.jpg,8
1066423,/w/246/gzk/PPMI/T1_PD_clustring/1066423_8.jpg,8
1066424,/w/246/gzk/PPMI/T1_PD_clustring/1066424_8.jpg,8
1066425,/w/246/gzk/PPMI/T1_PD_clustring/1066425_8.jpg,8
1066426,/w/246/gzk/PPMI/T1_PD_clustring/1066426_8.jpg,8
1066419,/w/246/gzk/PPMI/T1_PD_clustring/1066419_128.jpg,128
1062118,/w/246/gzk/PPMI/T1_PD_clustring/1062118_8.jpg,8
1062119,/w/246/gzk/PPMI/T1_PD_clustring/1062119_8.jpg,8
1062120,/w/246/gzk/PPMI/T1_PD_clustring/1062120_8.jpg,8
1062121,/w/246/gzk/PPMI/T1_PD_clustring/1062121_8.jpg,8
1062122,/w/246/gzk/PPMI/T1_PD_clustring/1062122_8.jpg,8
1065899,/w/246/gzk/PPMI/T1_PD_clustring/1065899_8.jpg,8
1065900,/w/246/gzk/PPMI/T1_PD_clustring/1065900_8.jpg,8
1065901,/w/246/gzk/PPMI/T1_PD_clustring/1065901_8.jpg,8
1065902,/w/246/gzk/PPMI/T1_PD_clustring/1065902_8.jpg,8
1065903,/w/246/gzk/PPMI/T1_PD_clustring/1065903_8.jpg,8
1067360,/w/246/gzk/PPMI/T1_PD_clustring/1067360_8.jpg,8
1067361,/w/246/gzk/PPMI/T1_PD_clustring/1067361_8.jpg,8
1067362,/w/246/gzk/PPMI/T1_PD_clustring/1067362_8.jpg,8
1067363,/w/246/gzk/PPMI/T1_PD_clustring/1067363_8.jpg,8
1067364,/w/246/gzk/PPMI/T1_PD_clustring/1067364_8.jpg,8
1063569,/w/246/gzk/PPMI/T1_PD_clustring/1063569_128.jpg,128
1063570,/w/246/gzk/PPMI/T1_PD_clustring/1063570_256.jpg,256
1063571,/w/246/gzk/PPMI/T1_PD_clustring/1063571_25.jpg,25
1068367,/w/246/gzk/PPMI/T1_PD_clustring/1068367_8.jpg,8
1068368,/w/246/gzk/PPMI/T1_PD_clustring/1068368_8.jpg,8
1068369,/w/246/gzk/PPMI/T1_PD_clustring/1068369_8.jpg,8
1068370,/w/246/gzk/PPMI/T1_PD_clustring/1068370_8.jpg,8
1068371,/w/246/gzk/PPMI/T1_PD_clustring/1068371_8.jpg,8
1063580,/w/246/gzk/PPMI/T1_PD_clustring/1063580_128.jpg,128
1063579,/w/246/gzk/PPMI/T1_PD_clustring/1063579_256.jpg,256
1063578,/w/246/gzk/PPMI/T1_PD_clustring/1063578_25.jpg,25
1068386,/w/246/gzk/PPMI/T1_PD_clustring/1068386_8.jpg,8
1068387,/w/246/gzk/PPMI/T1_PD_clustring/1068387_8.jpg,8
1068388,/w/246/gzk/PPMI/T1_PD_clustring/1068388_8.jpg,8
1068389,/w/246/gzk/PPMI/T1_PD_clustring/1068389_8.jpg,8
1068390,/w/246/gzk/PPMI/T1_PD_clustring/1068390_8.jpg,8
1068419,/w/246/gzk/PPMI/T1_PD_clustring/1068419_128.jpg,128
1068425,/w/246/gzk/PPMI/T1_PD_clustring/1068425_8.jpg,8
1068426,/w/246/gzk/PPMI/T1_PD_clustring/1068426_8.jpg,8
1068427,/w/246/gzk/PPMI/T1_PD_clustring/1068427_8.jpg,8
1068428,/w/246/gzk/PPMI/T1_PD_clustring/1068428_8.jpg,8
1068429,/w/246/gzk/PPMI/T1_PD_clustring/1068429_8.jpg,8
102128,/w/246/gzk/PPMI/T1_PD_clustring/102128_128.jpg,128
102129,/w/246/gzk/PPMI/T1_PD_clustring/102129_128.jpg,128
107218,/w/246/gzk/PPMI/T1_PD_clustring/107218_128.jpg,128
113519,/w/246/gzk/PPMI/T1_PD_clustring/113519_128.jpg,128
989160,/w/246/gzk/PPMI/T1_PD_clustring/989160_65.jpg,65
989162,/w/246/gzk/PPMI/T1_PD_clustring/989162_128.jpg,128
131857,/w/246/gzk/PPMI/T1_PD_clustring/131857_128.jpg,128
147142,/w/246/gzk/PPMI/T1_PD_clustring/147142_128.jpg,128
147145,/w/246/gzk/PPMI/T1_PD_clustring/147145_128.jpg,128
148891,/w/246/gzk/PPMI/T1_PD_clustring/148891_128.jpg,128
148894,/w/246/gzk/PPMI/T1_PD_clustring/148894_128.jpg,128
153799,/w/246/gzk/PPMI/T1_PD_clustring/153799_128.jpg,128
158346,/w/246/gzk/PPMI/T1_PD_clustring/158346_128.jpg,128
158351,/w/246/gzk/PPMI/T1_PD_clustring/158351_128.jpg,128
186520,/w/246/gzk/PPMI/T1_PD_clustring/186520_128.jpg,128
189252,/w/246/gzk/PPMI/T1_PD_clustring/189252_128.jpg,128
187817,/w/246/gzk/PPMI/T1_PD_clustring/187817_128.jpg,128
101542,/w/246/gzk/PPMI/T1_PD_clustring/101542_128.jpg,128
101544,/w/246/gzk/PPMI/T1_PD_clustring/101544_128.jpg,128
101555,/w/246/gzk/PPMI/T1_PD_clustring/101555_128.jpg,128
102090,/w/246/gzk/PPMI/T1_PD_clustring/102090_128.jpg,128
102132,/w/246/gzk/PPMI/T1_PD_clustring/102132_128.jpg,128
107222,/w/246/gzk/PPMI/T1_PD_clustring/107222_128.jpg,128
109067,/w/246/gzk/PPMI/T1_PD_clustring/109067_128.jpg,128
102925,/w/246/gzk/PPMI/T1_PD_clustring/102925_128.jpg,128
113534,/w/246/gzk/PPMI/T1_PD_clustring/113534_128.jpg,128
113538,/w/246/gzk/PPMI/T1_PD_clustring/113538_128.jpg,128
117935,/w/246/gzk/PPMI/T1_PD_clustring/117935_128.jpg,128
142350,/w/246/gzk/PPMI/T1_PD_clustring/142350_128.jpg,128
147148,/w/246/gzk/PPMI/T1_PD_clustring/147148_128.jpg,128
148898,/w/246/gzk/PPMI/T1_PD_clustring/148898_128.jpg,128
183562,/w/246/gzk/PPMI/T1_PD_clustring/183562_128.jpg,128
170936,/w/246/gzk/PPMI/T1_PD_clustring/170936_128.jpg,128
186522,/w/246/gzk/PPMI/T1_PD_clustring/186522_128.jpg,128
186526,/w/246/gzk/PPMI/T1_PD_clustring/186526_128.jpg,128
187822,/w/246/gzk/PPMI/T1_PD_clustring/187822_128.jpg,128
189257,/w/246/gzk/PPMI/T1_PD_clustring/189257_128.jpg,128
103294,/w/246/gzk/PPMI/T1_PD_clustring/103294_128.jpg,128
179003,/w/246/gzk/PPMI/T1_PD_clustring/179003_128.jpg,128
193426,/w/246/gzk/PPMI/T1_PD_clustring/193426_128.jpg,128
103326,/w/246/gzk/PPMI/T1_PD_clustring/103326_128.jpg,128
148999,/w/246/gzk/PPMI/T1_PD_clustring/148999_128.jpg,128
189362,/w/246/gzk/PPMI/T1_PD_clustring/189362_128.jpg,128
258986,/w/246/gzk/PPMI/T1_PD_clustring/258986_128.jpg,128
426371,/w/246/gzk/PPMI/T1_PD_clustring/426371_128.jpg,128
107252,/w/246/gzk/PPMI/T1_PD_clustring/107252_128.jpg,128
146599,/w/246/gzk/PPMI/T1_PD_clustring/146599_128.jpg,128
193431,/w/246/gzk/PPMI/T1_PD_clustring/193431_128.jpg,128
264293,/w/246/gzk/PPMI/T1_PD_clustring/264293_128.jpg,128
426368,/w/246/gzk/PPMI/T1_PD_clustring/426368_128.jpg,128
107265,/w/246/gzk/PPMI/T1_PD_clustring/107265_128.jpg,128
157042,/w/246/gzk/PPMI/T1_PD_clustring/157042_128.jpg,128
193435,/w/246/gzk/PPMI/T1_PD_clustring/193435_128.jpg,128
264300,/w/246/gzk/PPMI/T1_PD_clustring/264300_128.jpg,128
113788,/w/246/gzk/PPMI/T1_PD_clustring/113788_128.jpg,128
157052,/w/246/gzk/PPMI/T1_PD_clustring/157052_128.jpg,128
193453,/w/246/gzk/PPMI/T1_PD_clustring/193453_128.jpg,128
120881,/w/246/gzk/PPMI/T1_PD_clustring/120881_128.jpg,128
169224,/w/246/gzk/PPMI/T1_PD_clustring/169224_128.jpg,128
203293,/w/246/gzk/PPMI/T1_PD_clustring/203293_128.jpg,128
131486,/w/246/gzk/PPMI/T1_PD_clustring/131486_128.jpg,128
186405,/w/246/gzk/PPMI/T1_PD_clustring/186405_128.jpg,128
214312,/w/246/gzk/PPMI/T1_PD_clustring/214312_88.jpg,88
360801,/w/246/gzk/PPMI/T1_PD_clustring/360801_128.jpg,128
405061,/w/246/gzk/PPMI/T1_PD_clustring/405061_128.jpg,128
142538,/w/246/gzk/PPMI/T1_PD_clustring/142538_128.jpg,128
184075,/w/246/gzk/PPMI/T1_PD_clustring/184075_128.jpg,128
221691,/w/246/gzk/PPMI/T1_PD_clustring/221691_128.jpg,128
405062,/w/246/gzk/PPMI/T1_PD_clustring/405062_128.jpg,128
145628,/w/246/gzk/PPMI/T1_PD_clustring/145628_128.jpg,128
196286,/w/246/gzk/PPMI/T1_PD_clustring/196286_128.jpg,128
221694,/w/246/gzk/PPMI/T1_PD_clustring/221694_128.jpg,128
467580,/w/246/gzk/PPMI/T1_PD_clustring/467580_128.jpg,128
151213,/w/246/gzk/PPMI/T1_PD_clustring/151213_128.jpg,128
191138,/w/246/gzk/PPMI/T1_PD_clustring/191138_128.jpg,128
228105,/w/246/gzk/PPMI/T1_PD_clustring/228105_128.jpg,128
467581,/w/246/gzk/PPMI/T1_PD_clustring/467581_128.jpg,128
151232,/w/246/gzk/PPMI/T1_PD_clustring/151232_128.jpg,128
196289,/w/246/gzk/PPMI/T1_PD_clustring/196289_128.jpg,128
484591,/w/246/gzk/PPMI/T1_PD_clustring/484591_128.jpg,128
169307,/w/246/gzk/PPMI/T1_PD_clustring/169307_128.jpg,128
196292,/w/246/gzk/PPMI/T1_PD_clustring/196292_128.jpg,128
228113,/w/246/gzk/PPMI/T1_PD_clustring/228113_128.jpg,128
484587,/w/246/gzk/PPMI/T1_PD_clustring/484587_128.jpg,128
484595,/w/246/gzk/PPMI/T1_PD_clustring/484595_128.jpg,128
169322,/w/246/gzk/PPMI/T1_PD_clustring/169322_128.jpg,128
199136,/w/246/gzk/PPMI/T1_PD_clustring/199136_128.jpg,128
228117,/w/246/gzk/PPMI/T1_PD_clustring/228117_128.jpg,128
484594,/w/246/gzk/PPMI/T1_PD_clustring/484594_128.jpg,128
493611,/w/246/gzk/PPMI/T1_PD_clustring/493611_128.jpg,128
169329,/w/246/gzk/PPMI/T1_PD_clustring/169329_128.jpg,128
199137,/w/246/gzk/PPMI/T1_PD_clustring/199137_128.jpg,128
228121,/w/246/gzk/PPMI/T1_PD_clustring/228121_128.jpg,128
493610,/w/246/gzk/PPMI/T1_PD_clustring/493610_128.jpg,128
510956,/w/246/gzk/PPMI/T1_PD_clustring/510956_128.jpg,128
169344,/w/246/gzk/PPMI/T1_PD_clustring/169344_128.jpg,128
205747,/w/246/gzk/PPMI/T1_PD_clustring/205747_128.jpg,128
228125,/w/246/gzk/PPMI/T1_PD_clustring/228125_128.jpg,128
510959,/w/246/gzk/PPMI/T1_PD_clustring/510959_128.jpg,128
510960,/w/246/gzk/PPMI/T1_PD_clustring/510960_128.jpg,128
575395,/w/246/gzk/PPMI/T1_PD_clustring/575395_128.jpg,128
169347,/w/246/gzk/PPMI/T1_PD_clustring/169347_128.jpg,128
575396,/w/246/gzk/PPMI/T1_PD_clustring/575396_128.jpg,128
526761,/w/246/gzk/PPMI/T1_PD_clustring/526761_128.jpg,128
169354,/w/246/gzk/PPMI/T1_PD_clustring/169354_128.jpg,128
204513,/w/246/gzk/PPMI/T1_PD_clustring/204513_128.jpg,128
243788,/w/246/gzk/PPMI/T1_PD_clustring/243788_128.jpg,128
526762,/w/246/gzk/PPMI/T1_PD_clustring/526762_128.jpg,128
187014,/w/246/gzk/PPMI/T1_PD_clustring/187014_128.jpg,128
547135,/w/246/gzk/PPMI/T1_PD_clustring/547135_128.jpg,128
180777,/w/246/gzk/PPMI/T1_PD_clustring/180777_128.jpg,128
214285,/w/246/gzk/PPMI/T1_PD_clustring/214285_88.jpg,88
547136,/w/246/gzk/PPMI/T1_PD_clustring/547136_128.jpg,128
187020,/w/246/gzk/PPMI/T1_PD_clustring/187020_128.jpg,128
217888,/w/246/gzk/PPMI/T1_PD_clustring/217888_128.jpg,128
254388,/w/246/gzk/PPMI/T1_PD_clustring/254388_128.jpg,128
575425,/w/246/gzk/PPMI/T1_PD_clustring/575425_128.jpg,128
187023,/w/246/gzk/PPMI/T1_PD_clustring/187023_128.jpg,128
217890,/w/246/gzk/PPMI/T1_PD_clustring/217890_128.jpg,128
264305,/w/246/gzk/PPMI/T1_PD_clustring/264305_128.jpg,128
575426,/w/246/gzk/PPMI/T1_PD_clustring/575426_128.jpg,128
606238,/w/246/gzk/PPMI/T1_PD_clustring/606238_128.jpg,128
188148,/w/246/gzk/PPMI/T1_PD_clustring/188148_128.jpg,128
225582,/w/246/gzk/PPMI/T1_PD_clustring/225582_128.jpg,128
606239,/w/246/gzk/PPMI/T1_PD_clustring/606239_128.jpg,128
145652,/w/246/gzk/PPMI/T1_PD_clustring/145652_128.jpg,128
146606,/w/246/gzk/PPMI/T1_PD_clustring/146606_128.jpg,128
179289,/w/246/gzk/PPMI/T1_PD_clustring/179289_128.jpg,128
113828,/w/246/gzk/PPMI/T1_PD_clustring/113828_128.jpg,128
146626,/w/246/gzk/PPMI/T1_PD_clustring/146626_128.jpg,128
212763,/w/246/gzk/PPMI/T1_PD_clustring/212763_128.jpg,128
258999,/w/246/gzk/PPMI/T1_PD_clustring/258999_128.jpg,128
124448,/w/246/gzk/PPMI/T1_PD_clustring/124448_128.jpg,128
169260,/w/246/gzk/PPMI/T1_PD_clustring/169260_128.jpg,128
205635,/w/246/gzk/PPMI/T1_PD_clustring/205635_128.jpg,128
124453,/w/246/gzk/PPMI/T1_PD_clustring/124453_128.jpg,128
128399,/w/246/gzk/PPMI/T1_PD_clustring/128399_128.jpg,128
171168,/w/246/gzk/PPMI/T1_PD_clustring/171168_128.jpg,128
203262,/w/246/gzk/PPMI/T1_PD_clustring/203262_128.jpg,128
142542,/w/246/gzk/PPMI/T1_PD_clustring/142542_128.jpg,128
184084,/w/246/gzk/PPMI/T1_PD_clustring/184084_128.jpg,128
221701,/w/246/gzk/PPMI/T1_PD_clustring/221701_128.jpg,128
151265,/w/246/gzk/PPMI/T1_PD_clustring/151265_128.jpg,128
188379,/w/246/gzk/PPMI/T1_PD_clustring/188379_128.jpg,128
221703,/w/246/gzk/PPMI/T1_PD_clustring/221703_128.jpg,128
426387,/w/246/gzk/PPMI/T1_PD_clustring/426387_128.jpg,128
501577,/w/246/gzk/PPMI/T1_PD_clustring/501577_128.jpg,128
148975,/w/246/gzk/PPMI/T1_PD_clustring/148975_128.jpg,128
191158,/w/246/gzk/PPMI/T1_PD_clustring/191158_128.jpg,128
221708,/w/246/gzk/PPMI/T1_PD_clustring/221708_128.jpg,128
501576,/w/246/gzk/PPMI/T1_PD_clustring/501576_128.jpg,128
151282,/w/246/gzk/PPMI/T1_PD_clustring/151282_128.jpg,128
196299,/w/246/gzk/PPMI/T1_PD_clustring/196299_128.jpg,128
234698,/w/246/gzk/PPMI/T1_PD_clustring/234698_128.jpg,128
157083,/w/246/gzk/PPMI/T1_PD_clustring/157083_128.jpg,128
493619,/w/246/gzk/PPMI/T1_PD_clustring/493619_128.jpg,128
196301,/w/246/gzk/PPMI/T1_PD_clustring/196301_128.jpg,128
228131,/w/246/gzk/PPMI/T1_PD_clustring/228131_128.jpg,128
493617,/w/246/gzk/PPMI/T1_PD_clustring/493617_128.jpg,128
501580,/w/246/gzk/PPMI/T1_PD_clustring/501580_128.jpg,128
173468,/w/246/gzk/PPMI/T1_PD_clustring/173468_128.jpg,128
208445,/w/246/gzk/PPMI/T1_PD_clustring/208445_128.jpg,128
228144,/w/246/gzk/PPMI/T1_PD_clustring/228144_128.jpg,128
501579,/w/246/gzk/PPMI/T1_PD_clustring/501579_128.jpg,128
181347,/w/246/gzk/PPMI/T1_PD_clustring/181347_128.jpg,128
215707,/w/246/gzk/PPMI/T1_PD_clustring/215707_128.jpg,128
228153,/w/246/gzk/PPMI/T1_PD_clustring/228153_128.jpg,128
501587,/w/246/gzk/PPMI/T1_PD_clustring/501587_128.jpg,128
167602,/w/246/gzk/PPMI/T1_PD_clustring/167602_128.jpg,128
203266,/w/246/gzk/PPMI/T1_PD_clustring/203266_128.jpg,128
234700,/w/246/gzk/PPMI/T1_PD_clustring/234700_128.jpg,128
501585,/w/246/gzk/PPMI/T1_PD_clustring/501585_128.jpg,128
177349,/w/246/gzk/PPMI/T1_PD_clustring/177349_128.jpg,128
211624,/w/246/gzk/PPMI/T1_PD_clustring/211624_128.jpg,128
243806,/w/246/gzk/PPMI/T1_PD_clustring/243806_128.jpg,128
187029,/w/246/gzk/PPMI/T1_PD_clustring/187029_128.jpg,128
217896,/w/246/gzk/PPMI/T1_PD_clustring/217896_128.jpg,128
264308,/w/246/gzk/PPMI/T1_PD_clustring/264308_128.jpg,128
193064,/w/246/gzk/PPMI/T1_PD_clustring/193064_104.jpg,104
606244,/w/246/gzk/PPMI/T1_PD_clustring/606244_128.jpg,128
189898,/w/246/gzk/PPMI/T1_PD_clustring/189898_128.jpg,128
225595,/w/246/gzk/PPMI/T1_PD_clustring/225595_128.jpg,128
259000,/w/246/gzk/PPMI/T1_PD_clustring/259000_128.jpg,128
606245,/w/246/gzk/PPMI/T1_PD_clustring/606245_128.jpg,128
101872,/w/246/gzk/PPMI/T1_PD_clustring/101872_82.jpg,82
189258,/w/246/gzk/PPMI/T1_PD_clustring/189258_42.jpg,42
189261,/w/246/gzk/PPMI/T1_PD_clustring/189261_38.jpg,38
189263,/w/246/gzk/PPMI/T1_PD_clustring/189263_42.jpg,42
187823,/w/246/gzk/PPMI/T1_PD_clustring/187823_44.jpg,44
139704,/w/246/gzk/PPMI/T1_PD_clustring/139704_47.jpg,47
139711,/w/246/gzk/PPMI/T1_PD_clustring/139711_44.jpg,44
189264,/w/246/gzk/PPMI/T1_PD_clustring/189264_11.jpg,11
189270,/w/246/gzk/PPMI/T1_PD_clustring/189270_40.jpg,40
189267,/w/246/gzk/PPMI/T1_PD_clustring/189267_12.jpg,12
176047,/w/246/gzk/PPMI/T1_PD_clustring/176047_44.jpg,44
176059,/w/246/gzk/PPMI/T1_PD_clustring/176059_44.jpg,44
189273,/w/246/gzk/PPMI/T1_PD_clustring/189273_42.jpg,42
189271,/w/246/gzk/PPMI/T1_PD_clustring/189271_28.jpg,28
176065,/w/246/gzk/PPMI/T1_PD_clustring/176065_39.jpg,39
189275,/w/246/gzk/PPMI/T1_PD_clustring/189275_45.jpg,45
189274,/w/246/gzk/PPMI/T1_PD_clustring/189274_30.jpg,30
189280,/w/246/gzk/PPMI/T1_PD_clustring/189280_44.jpg,44
189279,/w/246/gzk/PPMI/T1_PD_clustring/189279_29.jpg,29
176075,/w/246/gzk/PPMI/T1_PD_clustring/176075_42.jpg,42
186528,/w/246/gzk/PPMI/T1_PD_clustring/186528_42.jpg,42
186532,/w/246/gzk/PPMI/T1_PD_clustring/186532_41.jpg,41
101964,/w/246/gzk/PPMI/T1_PD_clustring/101964_128.jpg,128
101968,/w/246/gzk/PPMI/T1_PD_clustring/101968_128.jpg,128
101972,/w/246/gzk/PPMI/T1_PD_clustring/101972_128.jpg,128
101973,/w/246/gzk/PPMI/T1_PD_clustring/101973_128.jpg,128
117941,/w/246/gzk/PPMI/T1_PD_clustring/117941_128.jpg,128
124911,/w/246/gzk/PPMI/T1_PD_clustring/124911_128.jpg,128
124915,/w/246/gzk/PPMI/T1_PD_clustring/124915_128.jpg,128
124940,/w/246/gzk/PPMI/T1_PD_clustring/124940_128.jpg,128
131863,/w/246/gzk/PPMI/T1_PD_clustring/131863_128.jpg,128
148903,/w/246/gzk/PPMI/T1_PD_clustring/148903_128.jpg,128
142353,/w/246/gzk/PPMI/T1_PD_clustring/142353_128.jpg,128
142355,/w/246/gzk/PPMI/T1_PD_clustring/142355_128.jpg,128
148905,/w/246/gzk/PPMI/T1_PD_clustring/148905_128.jpg,128
186535,/w/246/gzk/PPMI/T1_PD_clustring/186535_128.jpg,128
186536,/w/246/gzk/PPMI/T1_PD_clustring/186536_128.jpg,128
186540,/w/246/gzk/PPMI/T1_PD_clustring/186540_128.jpg,128
190633,/w/246/gzk/PPMI/T1_PD_clustring/190633_128.jpg,128
190646,/w/246/gzk/PPMI/T1_PD_clustring/190646_128.jpg,128
120966,/w/246/gzk/PPMI/T1_PD_clustring/120966_128.jpg,128
171171,/w/246/gzk/PPMI/T1_PD_clustring/171171_128.jpg,128
131505,/w/246/gzk/PPMI/T1_PD_clustring/131505_128.jpg,128
331760,/w/246/gzk/PPMI/T1_PD_clustring/331760_128.jpg,128
185692,/w/246/gzk/PPMI/T1_PD_clustring/185692_128.jpg,128
212764,/w/246/gzk/PPMI/T1_PD_clustring/212764_128.jpg,128
135552,/w/246/gzk/PPMI/T1_PD_clustring/135552_128.jpg,128
216335,/w/246/gzk/PPMI/T1_PD_clustring/216335_128.jpg,128
360819,/w/246/gzk/PPMI/T1_PD_clustring/360819_128.jpg,128
188386,/w/246/gzk/PPMI/T1_PD_clustring/188386_128.jpg,128
142552,/w/246/gzk/PPMI/T1_PD_clustring/142552_128.jpg,128
212771,/w/246/gzk/PPMI/T1_PD_clustring/212771_128.jpg,128
360821,/w/246/gzk/PPMI/T1_PD_clustring/360821_128.jpg,128
188400,/w/246/gzk/PPMI/T1_PD_clustring/188400_128.jpg,128
142567,/w/246/gzk/PPMI/T1_PD_clustring/142567_128.jpg,128
145680,/w/246/gzk/PPMI/T1_PD_clustring/145680_128.jpg,128
208461,/w/246/gzk/PPMI/T1_PD_clustring/208461_128.jpg,128
974169,/w/246/gzk/PPMI/T1_PD_clustring/974169_128.jpg,128
191038,/w/246/gzk/PPMI/T1_PD_clustring/191038_128.jpg,128
234714,/w/246/gzk/PPMI/T1_PD_clustring/234714_128.jpg,128
974170,/w/246/gzk/PPMI/T1_PD_clustring/974170_128.jpg,128
171062,/w/246/gzk/PPMI/T1_PD_clustring/171062_128.jpg,128
501591,/w/246/gzk/PPMI/T1_PD_clustring/501591_128.jpg,128
171069,/w/246/gzk/PPMI/T1_PD_clustring/171069_128.jpg,128
208464,/w/246/gzk/PPMI/T1_PD_clustring/208464_128.jpg,128
510963,/w/246/gzk/PPMI/T1_PD_clustring/510963_128.jpg,128
208473,/w/246/gzk/PPMI/T1_PD_clustring/208473_128.jpg,128
259007,/w/246/gzk/PPMI/T1_PD_clustring/259007_128.jpg,128
510967,/w/246/gzk/PPMI/T1_PD_clustring/510967_128.jpg,128
171074,/w/246/gzk/PPMI/T1_PD_clustring/171074_128.jpg,128
184005,/w/246/gzk/PPMI/T1_PD_clustring/184005_128.jpg,128
211630,/w/246/gzk/PPMI/T1_PD_clustring/211630_128.jpg,128
648803,/w/246/gzk/PPMI/T1_PD_clustring/648803_128.jpg,128
263080,/w/246/gzk/PPMI/T1_PD_clustring/263080_128.jpg,128
648804,/w/246/gzk/PPMI/T1_PD_clustring/648804_128.jpg,128
215711,/w/246/gzk/PPMI/T1_PD_clustring/215711_128.jpg,128
263083,/w/246/gzk/PPMI/T1_PD_clustring/263083_128.jpg,128
648808,/w/246/gzk/PPMI/T1_PD_clustring/648808_128.jpg,128
188160,/w/246/gzk/PPMI/T1_PD_clustring/188160_128.jpg,128
648809,/w/246/gzk/PPMI/T1_PD_clustring/648809_128.jpg,128
193627,/w/246/gzk/PPMI/T1_PD_clustring/193627_128.jpg,128
117944,/w/246/gzk/PPMI/T1_PD_clustring/117944_128.jpg,128
189367,/w/246/gzk/PPMI/T1_PD_clustring/189367_128.jpg,128
264317,/w/246/gzk/PPMI/T1_PD_clustring/264317_128.jpg,128
146638,/w/246/gzk/PPMI/T1_PD_clustring/146638_128.jpg,128
117951,/w/246/gzk/PPMI/T1_PD_clustring/117951_128.jpg,128
189375,/w/246/gzk/PPMI/T1_PD_clustring/189375_128.jpg,128
263087,/w/246/gzk/PPMI/T1_PD_clustring/263087_128.jpg,128
149040,/w/246/gzk/PPMI/T1_PD_clustring/149040_128.jpg,128
181422,/w/246/gzk/PPMI/T1_PD_clustring/181422_128.jpg,128
205640,/w/246/gzk/PPMI/T1_PD_clustring/205640_128.jpg,128
277082,/w/246/gzk/PPMI/T1_PD_clustring/277082_128.jpg,128
117962,/w/246/gzk/PPMI/T1_PD_clustring/117962_128.jpg,128
117964,/w/246/gzk/PPMI/T1_PD_clustring/117964_128.jpg,128
157071,/w/246/gzk/PPMI/T1_PD_clustring/157071_128.jpg,128
203305,/w/246/gzk/PPMI/T1_PD_clustring/203305_128.jpg,128
264323,/w/246/gzk/PPMI/T1_PD_clustring/264323_128.jpg,128
167647,/w/246/gzk/PPMI/T1_PD_clustring/167647_128.jpg,128
203308,/w/246/gzk/PPMI/T1_PD_clustring/203308_128.jpg,128
263091,/w/246/gzk/PPMI/T1_PD_clustring/263091_128.jpg,128
117826,/w/246/gzk/PPMI/T1_PD_clustring/117826_128.jpg,128
385546,/w/246/gzk/PPMI/T1_PD_clustring/385546_128.jpg,128
173529,/w/246/gzk/PPMI/T1_PD_clustring/173529_128.jpg,128
205643,/w/246/gzk/PPMI/T1_PD_clustring/205643_128.jpg,128
385547,/w/246/gzk/PPMI/T1_PD_clustring/385547_128.jpg,128
131518,/w/246/gzk/PPMI/T1_PD_clustring/131518_128.jpg,128
169263,/w/246/gzk/PPMI/T1_PD_clustring/169263_128.jpg,128
205663,/w/246/gzk/PPMI/T1_PD_clustring/205663_128.jpg,128
124461,/w/246/gzk/PPMI/T1_PD_clustring/124461_128.jpg,128
181427,/w/246/gzk/PPMI/T1_PD_clustring/181427_128.jpg,128
203312,/w/246/gzk/PPMI/T1_PD_clustring/203312_128.jpg,128
277088,/w/246/gzk/PPMI/T1_PD_clustring/277088_128.jpg,128
124468,/w/246/gzk/PPMI/T1_PD_clustring/124468_128.jpg,128
426392,/w/246/gzk/PPMI/T1_PD_clustring/426392_128.jpg,128
185697,/w/246/gzk/PPMI/T1_PD_clustring/185697_128.jpg,128
216340,/w/246/gzk/PPMI/T1_PD_clustring/216340_128.jpg,128
426395,/w/246/gzk/PPMI/T1_PD_clustring/426395_128.jpg,128
180785,/w/246/gzk/PPMI/T1_PD_clustring/180785_128.jpg,128
446234,/w/246/gzk/PPMI/T1_PD_clustring/446234_128.jpg,128
188428,/w/246/gzk/PPMI/T1_PD_clustring/188428_128.jpg,128
216343,/w/246/gzk/PPMI/T1_PD_clustring/216343_128.jpg,128
446238,/w/246/gzk/PPMI/T1_PD_clustring/446238_128.jpg,128
142571,/w/246/gzk/PPMI/T1_PD_clustring/142571_128.jpg,128
446242,/w/246/gzk/PPMI/T1_PD_clustring/446242_128.jpg,128
157095,/w/246/gzk/PPMI/T1_PD_clustring/157095_128.jpg,128
199146,/w/246/gzk/PPMI/T1_PD_clustring/199146_128.jpg,128
228159,/w/246/gzk/PPMI/T1_PD_clustring/228159_128.jpg,128
446243,/w/246/gzk/PPMI/T1_PD_clustring/446243_128.jpg,128
426399,/w/246/gzk/PPMI/T1_PD_clustring/426399_128.jpg,128
148982,/w/246/gzk/PPMI/T1_PD_clustring/148982_128.jpg,128
203269,/w/246/gzk/PPMI/T1_PD_clustring/203269_128.jpg,128
221712,/w/246/gzk/PPMI/T1_PD_clustring/221712_128.jpg,128
426396,/w/246/gzk/PPMI/T1_PD_clustring/426396_128.jpg,128
203275,/w/246/gzk/PPMI/T1_PD_clustring/203275_128.jpg,128
228163,/w/246/gzk/PPMI/T1_PD_clustring/228163_128.jpg,128
145732,/w/246/gzk/PPMI/T1_PD_clustring/145732_128.jpg,128
145776,/w/246/gzk/PPMI/T1_PD_clustring/145776_128.jpg,128
795971,/w/246/gzk/PPMI/T1_PD_clustring/795971_128.jpg,128
181350,/w/246/gzk/PPMI/T1_PD_clustring/181350_128.jpg,128
203281,/w/246/gzk/PPMI/T1_PD_clustring/203281_128.jpg,128
228170,/w/246/gzk/PPMI/T1_PD_clustring/228170_128.jpg,128
795972,/w/246/gzk/PPMI/T1_PD_clustring/795972_128.jpg,128
484608,/w/246/gzk/PPMI/T1_PD_clustring/484608_128.jpg,128
199150,/w/246/gzk/PPMI/T1_PD_clustring/199150_128.jpg,128
228177,/w/246/gzk/PPMI/T1_PD_clustring/228177_128.jpg,128
484605,/w/246/gzk/PPMI/T1_PD_clustring/484605_128.jpg,128
606260,/w/246/gzk/PPMI/T1_PD_clustring/606260_128.jpg,128
167616,/w/246/gzk/PPMI/T1_PD_clustring/167616_128.jpg,128
203286,/w/246/gzk/PPMI/T1_PD_clustring/203286_128.jpg,128
234719,/w/246/gzk/PPMI/T1_PD_clustring/234719_128.jpg,128
606261,/w/246/gzk/PPMI/T1_PD_clustring/606261_128.jpg,128
526767,/w/246/gzk/PPMI/T1_PD_clustring/526767_128.jpg,128
177370,/w/246/gzk/PPMI/T1_PD_clustring/177370_128.jpg,128
213505,/w/246/gzk/PPMI/T1_PD_clustring/213505_128.jpg,128
526768,/w/246/gzk/PPMI/T1_PD_clustring/526768_128.jpg,128
178955,/w/246/gzk/PPMI/T1_PD_clustring/178955_128.jpg,128
213511,/w/246/gzk/PPMI/T1_PD_clustring/213511_128.jpg,128
188170,/w/246/gzk/PPMI/T1_PD_clustring/188170_128.jpg,128
214290,/w/246/gzk/PPMI/T1_PD_clustring/214290_128.jpg,128
250420,/w/246/gzk/PPMI/T1_PD_clustring/250420_128.jpg,128
575456,/w/246/gzk/PPMI/T1_PD_clustring/575456_128.jpg,128
181356,/w/246/gzk/PPMI/T1_PD_clustring/181356_128.jpg,128
214297,/w/246/gzk/PPMI/T1_PD_clustring/214297_128.jpg,128
264326,/w/246/gzk/PPMI/T1_PD_clustring/264326_128.jpg,128
575457,/w/246/gzk/PPMI/T1_PD_clustring/575457_128.jpg,128
689514,/w/246/gzk/PPMI/T1_PD_clustring/689514_128.jpg,128
189913,/w/246/gzk/PPMI/T1_PD_clustring/189913_128.jpg,128
225606,/w/246/gzk/PPMI/T1_PD_clustring/225606_128.jpg,128
264335,/w/246/gzk/PPMI/T1_PD_clustring/264335_128.jpg,128
689515,/w/246/gzk/PPMI/T1_PD_clustring/689515_128.jpg,128
113565,/w/246/gzk/PPMI/T1_PD_clustring/113565_256.jpg,256
102141,/w/246/gzk/PPMI/T1_PD_clustring/102141_256.jpg,256
113568,/w/246/gzk/PPMI/T1_PD_clustring/113568_128.jpg,128
110163,/w/246/gzk/PPMI/T1_PD_clustring/110163_128.jpg,128
102149,/w/246/gzk/PPMI/T1_PD_clustring/102149_128.jpg,128
110168,/w/246/gzk/PPMI/T1_PD_clustring/110168_128.jpg,128
110175,/w/246/gzk/PPMI/T1_PD_clustring/110175_128.jpg,128
113570,/w/246/gzk/PPMI/T1_PD_clustring/113570_128.jpg,128
110178,/w/246/gzk/PPMI/T1_PD_clustring/110178_128.jpg,128
110182,/w/246/gzk/PPMI/T1_PD_clustring/110182_128.jpg,128
139720,/w/246/gzk/PPMI/T1_PD_clustring/139720_128.jpg,128
113573,/w/246/gzk/PPMI/T1_PD_clustring/113573_128.jpg,128
170937,/w/246/gzk/PPMI/T1_PD_clustring/170937_128.jpg,128
124943,/w/246/gzk/PPMI/T1_PD_clustring/124943_128.jpg,128
124947,/w/246/gzk/PPMI/T1_PD_clustring/124947_128.jpg,128
176102,/w/246/gzk/PPMI/T1_PD_clustring/176102_128.jpg,128
124957,/w/246/gzk/PPMI/T1_PD_clustring/124957_256.jpg,256
139723,/w/246/gzk/PPMI/T1_PD_clustring/139723_128.jpg,128
131890,/w/246/gzk/PPMI/T1_PD_clustring/131890_128.jpg,128
128033,/w/246/gzk/PPMI/T1_PD_clustring/128033_128.jpg,128
131893,/w/246/gzk/PPMI/T1_PD_clustring/131893_128.jpg,128
187829,/w/246/gzk/PPMI/T1_PD_clustring/187829_128.jpg,128
139737,/w/246/gzk/PPMI/T1_PD_clustring/139737_256.jpg,256
176105,/w/246/gzk/PPMI/T1_PD_clustring/176105_128.jpg,128
176132,/w/246/gzk/PPMI/T1_PD_clustring/176132_256.jpg,256
170941,/w/246/gzk/PPMI/T1_PD_clustring/170941_128.jpg,128
170946,/w/246/gzk/PPMI/T1_PD_clustring/170946_128.jpg,128
180296,/w/246/gzk/PPMI/T1_PD_clustring/180296_128.jpg,128
180301,/w/246/gzk/PPMI/T1_PD_clustring/180301_128.jpg,128
180310,/w/246/gzk/PPMI/T1_PD_clustring/180310_128.jpg,128
101887,/w/246/gzk/PPMI/T1_PD_clustring/101887_128.jpg,128
101977,/w/246/gzk/PPMI/T1_PD_clustring/101977_128.jpg,128
102931,/w/246/gzk/PPMI/T1_PD_clustring/102931_128.jpg,128
128038,/w/246/gzk/PPMI/T1_PD_clustring/128038_128.jpg,128
190655,/w/246/gzk/PPMI/T1_PD_clustring/190655_128.jpg,128
124965,/w/246/gzk/PPMI/T1_PD_clustring/124965_128.jpg,128
139741,/w/246/gzk/PPMI/T1_PD_clustring/139741_128.jpg,128
142362,/w/246/gzk/PPMI/T1_PD_clustring/142362_128.jpg,128
170947,/w/246/gzk/PPMI/T1_PD_clustring/170947_128.jpg,128
170950,/w/246/gzk/PPMI/T1_PD_clustring/170950_128.jpg,128
158353,/w/246/gzk/PPMI/T1_PD_clustring/158353_128.jpg,128
170954,/w/246/gzk/PPMI/T1_PD_clustring/170954_128.jpg,128
183564,/w/246/gzk/PPMI/T1_PD_clustring/183564_128.jpg,128
170957,/w/246/gzk/PPMI/T1_PD_clustring/170957_128.jpg,128
189282,/w/246/gzk/PPMI/T1_PD_clustring/189282_144.jpg,144
101979,/w/246/gzk/PPMI/T1_PD_clustring/101979_128.jpg,128
989311,/w/246/gzk/PPMI/T1_PD_clustring/989311_144.jpg,144
101561,/w/246/gzk/PPMI/T1_PD_clustring/101561_128.jpg,128
101913,/w/246/gzk/PPMI/T1_PD_clustring/101913_144.jpg,144
187835,/w/246/gzk/PPMI/T1_PD_clustring/187835_144.jpg,144
189286,/w/246/gzk/PPMI/T1_PD_clustring/189286_144.jpg,144
190666,/w/246/gzk/PPMI/T1_PD_clustring/190666_144.jpg,144
190680,/w/246/gzk/PPMI/T1_PD_clustring/190680_144.jpg,144
190681,/w/246/gzk/PPMI/T1_PD_clustring/190681_65.jpg,65
990759,/w/246/gzk/PPMI/T1_PD_clustring/990759_65.jpg,65
990758,/w/246/gzk/PPMI/T1_PD_clustring/990758_128.jpg,128
990756,/w/246/gzk/PPMI/T1_PD_clustring/990756_14.jpg,14
990755,/w/246/gzk/PPMI/T1_PD_clustring/990755_256.jpg,256
124968,/w/246/gzk/PPMI/T1_PD_clustring/124968_144.jpg,144
190689,/w/246/gzk/PPMI/T1_PD_clustring/190689_144.jpg,144
190695,/w/246/gzk/PPMI/T1_PD_clustring/190695_144.jpg,144
139750,/w/246/gzk/PPMI/T1_PD_clustring/139750_144.jpg,144
142368,/w/246/gzk/PPMI/T1_PD_clustring/142368_144.jpg,144
153805,/w/246/gzk/PPMI/T1_PD_clustring/153805_144.jpg,144
183675,/w/246/gzk/PPMI/T1_PD_clustring/183675_144.jpg,144
183681,/w/246/gzk/PPMI/T1_PD_clustring/183681_144.jpg,144
183684,/w/246/gzk/PPMI/T1_PD_clustring/183684_144.jpg,144
152197,/w/246/gzk/PPMI/T1_PD_clustring/152197_128.jpg,128
191057,/w/246/gzk/PPMI/T1_PD_clustring/191057_128.jpg,128
193528,/w/246/gzk/PPMI/T1_PD_clustring/193528_128.jpg,128
254390,/w/246/gzk/PPMI/T1_PD_clustring/254390_128.jpg,128
103361,/w/246/gzk/PPMI/T1_PD_clustring/103361_128.jpg,128
152221,/w/246/gzk/PPMI/T1_PD_clustring/152221_128.jpg,128
189390,/w/246/gzk/PPMI/T1_PD_clustring/189390_128.jpg,128
254410,/w/246/gzk/PPMI/T1_PD_clustring/254410_128.jpg,128
103377,/w/246/gzk/PPMI/T1_PD_clustring/103377_128.jpg,128
146672,/w/246/gzk/PPMI/T1_PD_clustring/146672_128.jpg,128
179294,/w/246/gzk/PPMI/T1_PD_clustring/179294_128.jpg,128
254414,/w/246/gzk/PPMI/T1_PD_clustring/254414_128.jpg,128
113957,/w/246/gzk/PPMI/T1_PD_clustring/113957_128.jpg,128
152228,/w/246/gzk/PPMI/T1_PD_clustring/152228_128.jpg,128
189397,/w/246/gzk/PPMI/T1_PD_clustring/189397_128.jpg,128
113974,/w/246/gzk/PPMI/T1_PD_clustring/113974_128.jpg,128
152255,/w/246/gzk/PPMI/T1_PD_clustring/152255_128.jpg,128
189402,/w/246/gzk/PPMI/T1_PD_clustring/189402_128.jpg,128
259008,/w/246/gzk/PPMI/T1_PD_clustring/259008_128.jpg,128
128417,/w/246/gzk/PPMI/T1_PD_clustring/128417_128.jpg,128
157077,/w/246/gzk/PPMI/T1_PD_clustring/157077_128.jpg,128
208406,/w/246/gzk/PPMI/T1_PD_clustring/208406_128.jpg,128
117837,/w/246/gzk/PPMI/T1_PD_clustring/117837_128.jpg,128
171176,/w/246/gzk/PPMI/T1_PD_clustring/171176_128.jpg,128
208408,/w/246/gzk/PPMI/T1_PD_clustring/208408_128.jpg,128
270432,/w/246/gzk/PPMI/T1_PD_clustring/270432_128.jpg,128
142603,/w/246/gzk/PPMI/T1_PD_clustring/142603_128.jpg,128
173563,/w/246/gzk/PPMI/T1_PD_clustring/173563_128.jpg,128
212776,/w/246/gzk/PPMI/T1_PD_clustring/212776_128.jpg,128
331812,/w/246/gzk/PPMI/T1_PD_clustring/331812_128.jpg,128
331821,/w/246/gzk/PPMI/T1_PD_clustring/331821_128.jpg,128
142607,/w/246/gzk/PPMI/T1_PD_clustring/142607_128.jpg,128
185735,/w/246/gzk/PPMI/T1_PD_clustring/185735_128.jpg,128
216352,/w/246/gzk/PPMI/T1_PD_clustring/216352_128.jpg,128
331822,/w/246/gzk/PPMI/T1_PD_clustring/331822_128.jpg,128
331823,/w/246/gzk/PPMI/T1_PD_clustring/331823_128.jpg,128
360851,/w/246/gzk/PPMI/T1_PD_clustring/360851_128.jpg,128
145859,/w/246/gzk/PPMI/T1_PD_clustring/145859_128.jpg,128
185758,/w/246/gzk/PPMI/T1_PD_clustring/185758_128.jpg,128
360848,/w/246/gzk/PPMI/T1_PD_clustring/360848_128.jpg,128
171085,/w/246/gzk/PPMI/T1_PD_clustring/171085_128.jpg,128
211634,/w/246/gzk/PPMI/T1_PD_clustring/211634_128.jpg,128
501593,/w/246/gzk/PPMI/T1_PD_clustring/501593_128.jpg,128
171091,/w/246/gzk/PPMI/T1_PD_clustring/171091_128.jpg,128
211638,/w/246/gzk/PPMI/T1_PD_clustring/211638_128.jpg,128
228179,/w/246/gzk/PPMI/T1_PD_clustring/228179_128.jpg,128
501598,/w/246/gzk/PPMI/T1_PD_clustring/501598_128.jpg,128
501599,/w/246/gzk/PPMI/T1_PD_clustring/501599_128.jpg,128
795976,/w/246/gzk/PPMI/T1_PD_clustring/795976_128.jpg,128
173478,/w/246/gzk/PPMI/T1_PD_clustring/173478_128.jpg,128
204514,/w/246/gzk/PPMI/T1_PD_clustring/204514_128.jpg,128
234722,/w/246/gzk/PPMI/T1_PD_clustring/234722_128.jpg,128
501604,/w/246/gzk/PPMI/T1_PD_clustring/501604_128.jpg,128
171095,/w/246/gzk/PPMI/T1_PD_clustring/171095_128.jpg,128
213515,/w/246/gzk/PPMI/T1_PD_clustring/213515_128.jpg,128
234726,/w/246/gzk/PPMI/T1_PD_clustring/234726_128.jpg,128
566045,/w/246/gzk/PPMI/T1_PD_clustring/566045_128.jpg,128
173481,/w/246/gzk/PPMI/T1_PD_clustring/173481_128.jpg,128
215732,/w/246/gzk/PPMI/T1_PD_clustring/215732_128.jpg,128
234750,/w/246/gzk/PPMI/T1_PD_clustring/234750_128.jpg,128
566046,/w/246/gzk/PPMI/T1_PD_clustring/566046_128.jpg,128
185653,/w/246/gzk/PPMI/T1_PD_clustring/185653_128.jpg,128
575487,/w/246/gzk/PPMI/T1_PD_clustring/575487_128.jpg,128
189928,/w/246/gzk/PPMI/T1_PD_clustring/189928_128.jpg,128
215741,/w/246/gzk/PPMI/T1_PD_clustring/215741_128.jpg,128
259026,/w/246/gzk/PPMI/T1_PD_clustring/259026_128.jpg,128
575488,/w/246/gzk/PPMI/T1_PD_clustring/575488_128.jpg,128
270438,/w/246/gzk/PPMI/T1_PD_clustring/270438_128.jpg,128
189947,/w/246/gzk/PPMI/T1_PD_clustring/189947_128.jpg,128
225619,/w/246/gzk/PPMI/T1_PD_clustring/225619_128.jpg,128
270436,/w/246/gzk/PPMI/T1_PD_clustring/270436_128.jpg,128
575534,/w/246/gzk/PPMI/T1_PD_clustring/575534_128.jpg,128
188197,/w/246/gzk/PPMI/T1_PD_clustring/188197_128.jpg,128
221744,/w/246/gzk/PPMI/T1_PD_clustring/221744_128.jpg,128
270443,/w/246/gzk/PPMI/T1_PD_clustring/270443_128.jpg,128
575535,/w/246/gzk/PPMI/T1_PD_clustring/575535_128.jpg,128
102935,/w/246/gzk/PPMI/T1_PD_clustring/102935_128.jpg,128
131898,/w/246/gzk/PPMI/T1_PD_clustring/131898_128.jpg,128
113579,/w/246/gzk/PPMI/T1_PD_clustring/113579_128.jpg,128
426404,/w/246/gzk/PPMI/T1_PD_clustring/426404_128.jpg,128
426405,/w/246/gzk/PPMI/T1_PD_clustring/426405_128.jpg,128
102939,/w/246/gzk/PPMI/T1_PD_clustring/102939_128.jpg,128
113588,/w/246/gzk/PPMI/T1_PD_clustring/113588_128.jpg,128
113590,/w/246/gzk/PPMI/T1_PD_clustring/113590_128.jpg,128
113595,/w/246/gzk/PPMI/T1_PD_clustring/113595_128.jpg,128
117968,/w/246/gzk/PPMI/T1_PD_clustring/117968_128.jpg,128
117978,/w/246/gzk/PPMI/T1_PD_clustring/117978_128.jpg,128
124980,/w/246/gzk/PPMI/T1_PD_clustring/124980_128.jpg,128
128054,/w/246/gzk/PPMI/T1_PD_clustring/128054_128.jpg,128
142370,/w/246/gzk/PPMI/T1_PD_clustring/142370_128.jpg,128
142375,/w/246/gzk/PPMI/T1_PD_clustring/142375_128.jpg,128
148910,/w/246/gzk/PPMI/T1_PD_clustring/148910_128.jpg,128
180322,/w/246/gzk/PPMI/T1_PD_clustring/180322_128.jpg,128
178130,/w/246/gzk/PPMI/T1_PD_clustring/178130_128.jpg,128
180324,/w/246/gzk/PPMI/T1_PD_clustring/180324_128.jpg,128
178131,/w/246/gzk/PPMI/T1_PD_clustring/178131_128.jpg,128
178134,/w/246/gzk/PPMI/T1_PD_clustring/178134_128.jpg,128
178139,/w/246/gzk/PPMI/T1_PD_clustring/178139_128.jpg,128
180328,/w/246/gzk/PPMI/T1_PD_clustring/180328_128.jpg,128
187838,/w/246/gzk/PPMI/T1_PD_clustring/187838_128.jpg,128
110188,/w/246/gzk/PPMI/T1_PD_clustring/110188_96.jpg,96
107242,/w/246/gzk/PPMI/T1_PD_clustring/107242_96.jpg,96
186544,/w/246/gzk/PPMI/T1_PD_clustring/186544_96.jpg,96
124986,/w/246/gzk/PPMI/T1_PD_clustring/124986_96.jpg,96
142384,/w/246/gzk/PPMI/T1_PD_clustring/142384_96.jpg,96
178141,/w/246/gzk/PPMI/T1_PD_clustring/178141_96.jpg,96
973735,/w/246/gzk/PPMI/T1_PD_clustring/973735_96.jpg,96
187842,/w/246/gzk/PPMI/T1_PD_clustring/187842_96.jpg,96
184907,/w/246/gzk/PPMI/T1_PD_clustring/184907_96.jpg,96
186547,/w/246/gzk/PPMI/T1_PD_clustring/186547_96.jpg,96
187844,/w/246/gzk/PPMI/T1_PD_clustring/187844_96.jpg,96
186548,/w/246/gzk/PPMI/T1_PD_clustring/186548_128.jpg,128
199194,/w/246/gzk/PPMI/T1_PD_clustring/199194_128.jpg,128
199200,/w/246/gzk/PPMI/T1_PD_clustring/199200_90.jpg,90
189292,/w/246/gzk/PPMI/T1_PD_clustring/189292_160.jpg,160
199206,/w/246/gzk/PPMI/T1_PD_clustring/199206_128.jpg,128
326045,/w/246/gzk/PPMI/T1_PD_clustring/326045_128.jpg,128
178965,/w/246/gzk/PPMI/T1_PD_clustring/178965_128.jpg,128
179069,/w/246/gzk/PPMI/T1_PD_clustring/179069_128.jpg,128
205669,/w/246/gzk/PPMI/T1_PD_clustring/205669_128.jpg,128
139314,/w/246/gzk/PPMI/T1_PD_clustring/139314_128.jpg,128
304220,/w/246/gzk/PPMI/T1_PD_clustring/304220_128.jpg,128
131532,/w/246/gzk/PPMI/T1_PD_clustring/131532_128.jpg,128
184090,/w/246/gzk/PPMI/T1_PD_clustring/184090_128.jpg,128
228185,/w/246/gzk/PPMI/T1_PD_clustring/228185_128.jpg,128
304215,/w/246/gzk/PPMI/T1_PD_clustring/304215_128.jpg,128
139320,/w/246/gzk/PPMI/T1_PD_clustring/139320_128.jpg,128
191166,/w/246/gzk/PPMI/T1_PD_clustring/191166_128.jpg,128
208413,/w/246/gzk/PPMI/T1_PD_clustring/208413_128.jpg,128
331828,/w/246/gzk/PPMI/T1_PD_clustring/331828_128.jpg,128
142620,/w/246/gzk/PPMI/T1_PD_clustring/142620_128.jpg,128
184096,/w/246/gzk/PPMI/T1_PD_clustring/184096_128.jpg,128
212778,/w/246/gzk/PPMI/T1_PD_clustring/212778_128.jpg,128
331829,/w/246/gzk/PPMI/T1_PD_clustring/331829_128.jpg,128
142657,/w/246/gzk/PPMI/T1_PD_clustring/142657_128.jpg,128
181437,/w/246/gzk/PPMI/T1_PD_clustring/181437_128.jpg,128
216354,/w/246/gzk/PPMI/T1_PD_clustring/216354_128.jpg,128
304228,/w/246/gzk/PPMI/T1_PD_clustring/304228_128.jpg,128
142676,/w/246/gzk/PPMI/T1_PD_clustring/142676_128.jpg,128
191170,/w/246/gzk/PPMI/T1_PD_clustring/191170_128.jpg,128
212783,/w/246/gzk/PPMI/T1_PD_clustring/212783_128.jpg,128
304224,/w/246/gzk/PPMI/T1_PD_clustring/304224_128.jpg,128
142698,/w/246/gzk/PPMI/T1_PD_clustring/142698_128.jpg,128
160386,/w/246/gzk/PPMI/T1_PD_clustring/160386_128.jpg,128
185770,/w/246/gzk/PPMI/T1_PD_clustring/185770_128.jpg,128
216367,/w/246/gzk/PPMI/T1_PD_clustring/216367_128.jpg,128
160399,/w/246/gzk/PPMI/T1_PD_clustring/160399_128.jpg,128
191180,/w/246/gzk/PPMI/T1_PD_clustring/191180_128.jpg,128
228188,/w/246/gzk/PPMI/T1_PD_clustring/228188_128.jpg,128
484613,/w/246/gzk/PPMI/T1_PD_clustring/484613_128.jpg,128
169367,/w/246/gzk/PPMI/T1_PD_clustring/169367_128.jpg,128
196305,/w/246/gzk/PPMI/T1_PD_clustring/196305_128.jpg,128
228195,/w/246/gzk/PPMI/T1_PD_clustring/228195_128.jpg,128
484614,/w/246/gzk/PPMI/T1_PD_clustring/484614_128.jpg,128
446247,/w/246/gzk/PPMI/T1_PD_clustring/446247_128.jpg,128
185629,/w/246/gzk/PPMI/T1_PD_clustring/185629_128.jpg,128
196337,/w/246/gzk/PPMI/T1_PD_clustring/196337_128.jpg,128
228198,/w/246/gzk/PPMI/T1_PD_clustring/228198_128.jpg,128
446245,/w/246/gzk/PPMI/T1_PD_clustring/446245_128.jpg,128
493624,/w/246/gzk/PPMI/T1_PD_clustring/493624_128.jpg,128
160403,/w/246/gzk/PPMI/T1_PD_clustring/160403_128.jpg,128
196341,/w/246/gzk/PPMI/T1_PD_clustring/196341_128.jpg,128
228203,/w/246/gzk/PPMI/T1_PD_clustring/228203_128.jpg,128
493623,/w/246/gzk/PPMI/T1_PD_clustring/493623_128.jpg,128
467589,/w/246/gzk/PPMI/T1_PD_clustring/467589_128.jpg,128
160413,/w/246/gzk/PPMI/T1_PD_clustring/160413_128.jpg,128
196345,/w/246/gzk/PPMI/T1_PD_clustring/196345_128.jpg,128
228205,/w/246/gzk/PPMI/T1_PD_clustring/228205_128.jpg,128
467584,/w/246/gzk/PPMI/T1_PD_clustring/467584_128.jpg,128
484616,/w/246/gzk/PPMI/T1_PD_clustring/484616_128.jpg,128
169389,/w/246/gzk/PPMI/T1_PD_clustring/169389_128.jpg,128
185630,/w/246/gzk/PPMI/T1_PD_clustring/185630_128.jpg,128
199152,/w/246/gzk/PPMI/T1_PD_clustring/199152_128.jpg,128
250425,/w/246/gzk/PPMI/T1_PD_clustring/250425_128.jpg,128
484620,/w/246/gzk/PPMI/T1_PD_clustring/484620_128.jpg,128
178968,/w/246/gzk/PPMI/T1_PD_clustring/178968_128.jpg,128
199158,/w/246/gzk/PPMI/T1_PD_clustring/199158_128.jpg,128
228215,/w/246/gzk/PPMI/T1_PD_clustring/228215_128.jpg,128
648813,/w/246/gzk/PPMI/T1_PD_clustring/648813_128.jpg,128
178986,/w/246/gzk/PPMI/T1_PD_clustring/178986_128.jpg,128
211640,/w/246/gzk/PPMI/T1_PD_clustring/211640_128.jpg,128
648814,/w/246/gzk/PPMI/T1_PD_clustring/648814_128.jpg,128
180803,/w/246/gzk/PPMI/T1_PD_clustring/180803_128.jpg,128
208478,/w/246/gzk/PPMI/T1_PD_clustring/208478_128.jpg,128
648820,/w/246/gzk/PPMI/T1_PD_clustring/648820_128.jpg,128
180815,/w/246/gzk/PPMI/T1_PD_clustring/180815_128.jpg,128
217907,/w/246/gzk/PPMI/T1_PD_clustring/217907_128.jpg,128
245315,/w/246/gzk/PPMI/T1_PD_clustring/245315_128.jpg,128
648819,/w/246/gzk/PPMI/T1_PD_clustring/648819_128.jpg,128
131537,/w/246/gzk/PPMI/T1_PD_clustring/131537_128.jpg,128
152259,/w/246/gzk/PPMI/T1_PD_clustring/152259_128.jpg,128
203324,/w/246/gzk/PPMI/T1_PD_clustring/203324_128.jpg,128
263098,/w/246/gzk/PPMI/T1_PD_clustring/263098_128.jpg,128
131549,/w/246/gzk/PPMI/T1_PD_clustring/131549_128.jpg,128
171190,/w/246/gzk/PPMI/T1_PD_clustring/171190_128.jpg,128
203328,/w/246/gzk/PPMI/T1_PD_clustring/203328_128.jpg,128
304231,/w/246/gzk/PPMI/T1_PD_clustring/304231_128.jpg,128
131572,/w/246/gzk/PPMI/T1_PD_clustring/131572_128.jpg,128
171228,/w/246/gzk/PPMI/T1_PD_clustring/171228_128.jpg,128
208418,/w/246/gzk/PPMI/T1_PD_clustring/208418_128.jpg,128
277091,/w/246/gzk/PPMI/T1_PD_clustring/277091_128.jpg,128
360874,/w/246/gzk/PPMI/T1_PD_clustring/360874_128.jpg,128
171098,/w/246/gzk/PPMI/T1_PD_clustring/171098_128.jpg,128
177474,/w/246/gzk/PPMI/T1_PD_clustring/177474_128.jpg,128
212789,/w/246/gzk/PPMI/T1_PD_clustring/212789_128.jpg,128
360872,/w/246/gzk/PPMI/T1_PD_clustring/360872_128.jpg,128
171103,/w/246/gzk/PPMI/T1_PD_clustring/171103_128.jpg,128
179212,/w/246/gzk/PPMI/T1_PD_clustring/179212_128.jpg,128
208423,/w/246/gzk/PPMI/T1_PD_clustring/208423_128.jpg,128
331840,/w/246/gzk/PPMI/T1_PD_clustring/331840_128.jpg,128
151343,/w/246/gzk/PPMI/T1_PD_clustring/151343_128.jpg,128
196354,/w/246/gzk/PPMI/T1_PD_clustring/196354_128.jpg,128
228219,/w/246/gzk/PPMI/T1_PD_clustring/228219_128.jpg,128
151348,/w/246/gzk/PPMI/T1_PD_clustring/151348_128.jpg,128
204518,/w/246/gzk/PPMI/T1_PD_clustring/204518_128.jpg,128
228227,/w/246/gzk/PPMI/T1_PD_clustring/228227_128.jpg,128
426417,/w/246/gzk/PPMI/T1_PD_clustring/426417_128.jpg,128
467594,/w/246/gzk/PPMI/T1_PD_clustring/467594_128.jpg,128
157135,/w/246/gzk/PPMI/T1_PD_clustring/157135_128.jpg,128
196359,/w/246/gzk/PPMI/T1_PD_clustring/196359_128.jpg,128
228237,/w/246/gzk/PPMI/T1_PD_clustring/228237_128.jpg,128
467595,/w/246/gzk/PPMI/T1_PD_clustring/467595_128.jpg,128
493630,/w/246/gzk/PPMI/T1_PD_clustring/493630_128.jpg,128
204625,/w/246/gzk/PPMI/T1_PD_clustring/204625_128.jpg,128
228240,/w/246/gzk/PPMI/T1_PD_clustring/228240_128.jpg,128
493629,/w/246/gzk/PPMI/T1_PD_clustring/493629_128.jpg,128
510969,/w/246/gzk/PPMI/T1_PD_clustring/510969_128.jpg,128
171121,/w/246/gzk/PPMI/T1_PD_clustring/171121_128.jpg,128
204628,/w/246/gzk/PPMI/T1_PD_clustring/204628_128.jpg,128
234754,/w/246/gzk/PPMI/T1_PD_clustring/234754_128.jpg,128
510973,/w/246/gzk/PPMI/T1_PD_clustring/510973_128.jpg,128
493635,/w/246/gzk/PPMI/T1_PD_clustring/493635_128.jpg,128
157163,/w/246/gzk/PPMI/T1_PD_clustring/157163_128.jpg,128
203291,/w/246/gzk/PPMI/T1_PD_clustring/203291_128.jpg,128
304236,/w/246/gzk/PPMI/T1_PD_clustring/304236_128.jpg,128
493634,/w/246/gzk/PPMI/T1_PD_clustring/493634_128.jpg,128
526773,/w/246/gzk/PPMI/T1_PD_clustring/526773_128.jpg,128
526775,/w/246/gzk/PPMI/T1_PD_clustring/526775_128.jpg,128
171126,/w/246/gzk/PPMI/T1_PD_clustring/171126_128.jpg,128
204634,/w/246/gzk/PPMI/T1_PD_clustring/204634_128.jpg,128
234762,/w/246/gzk/PPMI/T1_PD_clustring/234762_128.jpg,128
526774,/w/246/gzk/PPMI/T1_PD_clustring/526774_128.jpg,128
171130,/w/246/gzk/PPMI/T1_PD_clustring/171130_128.jpg,128
171136,/w/246/gzk/PPMI/T1_PD_clustring/171136_128.jpg,128
204642,/w/246/gzk/PPMI/T1_PD_clustring/204642_128.jpg,128
234782,/w/246/gzk/PPMI/T1_PD_clustring/234782_128.jpg,128
548362,/w/246/gzk/PPMI/T1_PD_clustring/548362_128.jpg,128
169394,/w/246/gzk/PPMI/T1_PD_clustring/169394_128.jpg,128
204646,/w/246/gzk/PPMI/T1_PD_clustring/204646_128.jpg,128
243827,/w/246/gzk/PPMI/T1_PD_clustring/243827_128.jpg,128
548363,/w/246/gzk/PPMI/T1_PD_clustring/548363_128.jpg,128
526780,/w/246/gzk/PPMI/T1_PD_clustring/526780_128.jpg,128
181376,/w/246/gzk/PPMI/T1_PD_clustring/181376_128.jpg,128
211643,/w/246/gzk/PPMI/T1_PD_clustring/211643_128.jpg,128
245319,/w/246/gzk/PPMI/T1_PD_clustring/245319_128.jpg,128
530721,/w/246/gzk/PPMI/T1_PD_clustring/530721_128.jpg,128
526828,/w/246/gzk/PPMI/T1_PD_clustring/526828_128.jpg,128
178989,/w/246/gzk/PPMI/T1_PD_clustring/178989_128.jpg,128
208526,/w/246/gzk/PPMI/T1_PD_clustring/208526_128.jpg,128
243856,/w/246/gzk/PPMI/T1_PD_clustring/243856_128.jpg,128
526829,/w/246/gzk/PPMI/T1_PD_clustring/526829_128.jpg,128
180819,/w/246/gzk/PPMI/T1_PD_clustring/180819_128.jpg,128
211651,/w/246/gzk/PPMI/T1_PD_clustring/211651_128.jpg,128
245321,/w/246/gzk/PPMI/T1_PD_clustring/245321_128.jpg,128
526839,/w/246/gzk/PPMI/T1_PD_clustring/526839_128.jpg,128
184026,/w/246/gzk/PPMI/T1_PD_clustring/184026_128.jpg,128
575610,/w/246/gzk/PPMI/T1_PD_clustring/575610_128.jpg,128
180821,/w/246/gzk/PPMI/T1_PD_clustring/180821_128.jpg,128
213520,/w/246/gzk/PPMI/T1_PD_clustring/213520_128.jpg,128
248505,/w/246/gzk/PPMI/T1_PD_clustring/248505_128.jpg,128
575611,/w/246/gzk/PPMI/T1_PD_clustring/575611_128.jpg,128
648868,/w/246/gzk/PPMI/T1_PD_clustring/648868_128.jpg,128
648871,/w/246/gzk/PPMI/T1_PD_clustring/648871_128.jpg,128
189952,/w/246/gzk/PPMI/T1_PD_clustring/189952_128.jpg,128
213522,/w/246/gzk/PPMI/T1_PD_clustring/213522_128.jpg,128
250433,/w/246/gzk/PPMI/T1_PD_clustring/250433_128.jpg,128
648869,/w/246/gzk/PPMI/T1_PD_clustring/648869_128.jpg,128
184029,/w/246/gzk/PPMI/T1_PD_clustring/184029_128.jpg,128
606266,/w/246/gzk/PPMI/T1_PD_clustring/606266_128.jpg,128
187073,/w/246/gzk/PPMI/T1_PD_clustring/187073_128.jpg,128
217921,/w/246/gzk/PPMI/T1_PD_clustring/217921_128.jpg,128
277098,/w/246/gzk/PPMI/T1_PD_clustring/277098_128.jpg,128
606267,/w/246/gzk/PPMI/T1_PD_clustring/606267_128.jpg,128
193065,/w/246/gzk/PPMI/T1_PD_clustring/193065_25.jpg,25
193067,/w/246/gzk/PPMI/T1_PD_clustring/193067_25.jpg,25
193066,/w/246/gzk/PPMI/T1_PD_clustring/193066_128.jpg,128
193646,/w/246/gzk/PPMI/T1_PD_clustring/193646_24.jpg,24
193647,/w/246/gzk/PPMI/T1_PD_clustring/193647_24.jpg,24
193644,/w/246/gzk/PPMI/T1_PD_clustring/193644_32.jpg,32
193645,/w/246/gzk/PPMI/T1_PD_clustring/193645_32.jpg,32
193642,/w/246/gzk/PPMI/T1_PD_clustring/193642_128.jpg,128
171139,/w/246/gzk/PPMI/T1_PD_clustring/171139_128.jpg,128
205755,/w/246/gzk/PPMI/T1_PD_clustring/205755_128.jpg,128
171146,/w/246/gzk/PPMI/T1_PD_clustring/171146_128.jpg,128
205759,/w/246/gzk/PPMI/T1_PD_clustring/205759_128.jpg,128
250438,/w/246/gzk/PPMI/T1_PD_clustring/250438_128.jpg,128
205762,/w/246/gzk/PPMI/T1_PD_clustring/205762_128.jpg,128
171151,/w/246/gzk/PPMI/T1_PD_clustring/171151_128.jpg,128
208537,/w/246/gzk/PPMI/T1_PD_clustring/208537_128.jpg,128
974179,/w/246/gzk/PPMI/T1_PD_clustring/974179_128.jpg,128
974181,/w/246/gzk/PPMI/T1_PD_clustring/974181_128.jpg,128
1007834,/w/246/gzk/PPMI/T1_PD_clustring/1007834_128.jpg,128
1007967,/w/246/gzk/PPMI/T1_PD_clustring/1007967_128.jpg,128
213536,/w/246/gzk/PPMI/T1_PD_clustring/213536_128.jpg,128
248511,/w/246/gzk/PPMI/T1_PD_clustring/248511_128.jpg,128
311526,/w/246/gzk/PPMI/T1_PD_clustring/311526_128.jpg,128
974180,/w/246/gzk/PPMI/T1_PD_clustring/974180_128.jpg,128
204421,/w/246/gzk/PPMI/T1_PD_clustring/204421_128.jpg,128
213540,/w/246/gzk/PPMI/T1_PD_clustring/213540_128.jpg,128
180335,/w/246/gzk/PPMI/T1_PD_clustring/180335_128.jpg,128
139755,/w/246/gzk/PPMI/T1_PD_clustring/139755_128.jpg,128
139763,/w/246/gzk/PPMI/T1_PD_clustring/139763_128.jpg,128
184910,/w/246/gzk/PPMI/T1_PD_clustring/184910_128.jpg,128
184913,/w/246/gzk/PPMI/T1_PD_clustring/184913_128.jpg,128
193076,/w/246/gzk/PPMI/T1_PD_clustring/193076_128.jpg,128
180339,/w/246/gzk/PPMI/T1_PD_clustring/180339_128.jpg,128
186553,/w/246/gzk/PPMI/T1_PD_clustring/186553_128.jpg,128
184916,/w/246/gzk/PPMI/T1_PD_clustring/184916_18.jpg,18
184918,/w/246/gzk/PPMI/T1_PD_clustring/184918_18.jpg,18
184917,/w/246/gzk/PPMI/T1_PD_clustring/184917_18.jpg,18
184915,/w/246/gzk/PPMI/T1_PD_clustring/184915_128.jpg,128
184921,/w/246/gzk/PPMI/T1_PD_clustring/184921_128.jpg,128
193078,/w/246/gzk/PPMI/T1_PD_clustring/193078_128.jpg,128
187855,/w/246/gzk/PPMI/T1_PD_clustring/187855_128.jpg,128
446968,/w/246/gzk/PPMI/T1_PD_clustring/446968_128.jpg,128
270806,/w/246/gzk/PPMI/T1_PD_clustring/270806_128.jpg,128
135598,/w/246/gzk/PPMI/T1_PD_clustring/135598_128.jpg,128
181464,/w/246/gzk/PPMI/T1_PD_clustring/181464_128.jpg,128
205676,/w/246/gzk/PPMI/T1_PD_clustring/205676_128.jpg,128
270805,/w/246/gzk/PPMI/T1_PD_clustring/270805_128.jpg,128
311511,/w/246/gzk/PPMI/T1_PD_clustring/311511_128.jpg,128
135635,/w/246/gzk/PPMI/T1_PD_clustring/135635_128.jpg,128
171292,/w/246/gzk/PPMI/T1_PD_clustring/171292_128.jpg,128
205682,/w/246/gzk/PPMI/T1_PD_clustring/205682_128.jpg,128
311513,/w/246/gzk/PPMI/T1_PD_clustring/311513_128.jpg,128
142726,/w/246/gzk/PPMI/T1_PD_clustring/142726_128.jpg,128
446255,/w/246/gzk/PPMI/T1_PD_clustring/446255_128.jpg,128
208543,/w/246/gzk/PPMI/T1_PD_clustring/208543_128.jpg,128
212800,/w/246/gzk/PPMI/T1_PD_clustring/212800_128.jpg,128
446250,/w/246/gzk/PPMI/T1_PD_clustring/446250_128.jpg,128
360879,/w/246/gzk/PPMI/T1_PD_clustring/360879_128.jpg,128
173497,/w/246/gzk/PPMI/T1_PD_clustring/173497_128.jpg,128
177480,/w/246/gzk/PPMI/T1_PD_clustring/177480_128.jpg,128
208427,/w/246/gzk/PPMI/T1_PD_clustring/208427_128.jpg,128
360877,/w/246/gzk/PPMI/T1_PD_clustring/360877_128.jpg,128
173501,/w/246/gzk/PPMI/T1_PD_clustring/173501_128.jpg,128
184117,/w/246/gzk/PPMI/T1_PD_clustring/184117_128.jpg,128
212803,/w/246/gzk/PPMI/T1_PD_clustring/212803_128.jpg,128
405065,/w/246/gzk/PPMI/T1_PD_clustring/405065_128.jpg,128
1001087,/w/246/gzk/PPMI/T1_PD_clustring/1001087_128.jpg,128
184126,/w/246/gzk/PPMI/T1_PD_clustring/184126_128.jpg,128
214317,/w/246/gzk/PPMI/T1_PD_clustring/214317_128.jpg,128
405064,/w/246/gzk/PPMI/T1_PD_clustring/405064_128.jpg,128
446261,/w/246/gzk/PPMI/T1_PD_clustring/446261_128.jpg,128
167627,/w/246/gzk/PPMI/T1_PD_clustring/167627_128.jpg,128
184131,/w/246/gzk/PPMI/T1_PD_clustring/184131_128.jpg,128
214323,/w/246/gzk/PPMI/T1_PD_clustring/214323_128.jpg,128
446258,/w/246/gzk/PPMI/T1_PD_clustring/446258_128.jpg,128
446268,/w/246/gzk/PPMI/T1_PD_clustring/446268_128.jpg,128
167636,/w/246/gzk/PPMI/T1_PD_clustring/167636_128.jpg,128
184135,/w/246/gzk/PPMI/T1_PD_clustring/184135_128.jpg,128
221726,/w/246/gzk/PPMI/T1_PD_clustring/221726_128.jpg,128
446264,/w/246/gzk/PPMI/T1_PD_clustring/446264_128.jpg,128
426428,/w/246/gzk/PPMI/T1_PD_clustring/426428_128.jpg,128
167641,/w/246/gzk/PPMI/T1_PD_clustring/167641_128.jpg,128
185795,/w/246/gzk/PPMI/T1_PD_clustring/185795_128.jpg,128
214326,/w/246/gzk/PPMI/T1_PD_clustring/214326_128.jpg,128
426426,/w/246/gzk/PPMI/T1_PD_clustring/426426_128.jpg,128
501610,/w/246/gzk/PPMI/T1_PD_clustring/501610_128.jpg,128
173504,/w/246/gzk/PPMI/T1_PD_clustring/173504_128.jpg,128
204654,/w/246/gzk/PPMI/T1_PD_clustring/204654_128.jpg,128
234789,/w/246/gzk/PPMI/T1_PD_clustring/234789_128.jpg,128
501606,/w/246/gzk/PPMI/T1_PD_clustring/501606_128.jpg,128
181386,/w/246/gzk/PPMI/T1_PD_clustring/181386_128.jpg,128
204658,/w/246/gzk/PPMI/T1_PD_clustring/204658_128.jpg,128
234793,/w/246/gzk/PPMI/T1_PD_clustring/234793_128.jpg,128
501614,/w/246/gzk/PPMI/T1_PD_clustring/501614_128.jpg,128
181389,/w/246/gzk/PPMI/T1_PD_clustring/181389_128.jpg,128
204662,/w/246/gzk/PPMI/T1_PD_clustring/204662_128.jpg,128
234798,/w/246/gzk/PPMI/T1_PD_clustring/234798_128.jpg,128
501616,/w/246/gzk/PPMI/T1_PD_clustring/501616_128.jpg,128
510977,/w/246/gzk/PPMI/T1_PD_clustring/510977_128.jpg,128
171156,/w/246/gzk/PPMI/T1_PD_clustring/171156_128.jpg,128
204666,/w/246/gzk/PPMI/T1_PD_clustring/204666_128.jpg,128
243870,/w/246/gzk/PPMI/T1_PD_clustring/243870_128.jpg,128
510976,/w/246/gzk/PPMI/T1_PD_clustring/510976_128.jpg,128
606272,/w/246/gzk/PPMI/T1_PD_clustring/606272_128.jpg,128
606274,/w/246/gzk/PPMI/T1_PD_clustring/606274_128.jpg,128
173512,/w/246/gzk/PPMI/T1_PD_clustring/173512_128.jpg,128
208546,/w/246/gzk/PPMI/T1_PD_clustring/208546_128.jpg,128
245326,/w/246/gzk/PPMI/T1_PD_clustring/245326_128.jpg,128
606273,/w/246/gzk/PPMI/T1_PD_clustring/606273_128.jpg,128
606280,/w/246/gzk/PPMI/T1_PD_clustring/606280_128.jpg,128
180837,/w/246/gzk/PPMI/T1_PD_clustring/180837_128.jpg,128
213548,/w/246/gzk/PPMI/T1_PD_clustring/213548_128.jpg,128
245335,/w/246/gzk/PPMI/T1_PD_clustring/245335_128.jpg,128
606279,/w/246/gzk/PPMI/T1_PD_clustring/606279_128.jpg,128
689565,/w/246/gzk/PPMI/T1_PD_clustring/689565_128.jpg,128
968294,/w/246/gzk/PPMI/T1_PD_clustring/968294_128.jpg,128
331854,/w/246/gzk/PPMI/T1_PD_clustring/331854_128.jpg,128
968295,/w/246/gzk/PPMI/T1_PD_clustring/968295_128.jpg,128
331850,/w/246/gzk/PPMI/T1_PD_clustring/331850_128.jpg,128
689567,/w/246/gzk/PPMI/T1_PD_clustring/689567_128.jpg,128
968296,/w/246/gzk/PPMI/T1_PD_clustring/968296_128.jpg,128
187090,/w/246/gzk/PPMI/T1_PD_clustring/187090_128.jpg,128
263101,/w/246/gzk/PPMI/T1_PD_clustring/263101_128.jpg,128
606286,/w/246/gzk/PPMI/T1_PD_clustring/606286_128.jpg,128
187111,/w/246/gzk/PPMI/T1_PD_clustring/187111_128.jpg,128
217927,/w/246/gzk/PPMI/T1_PD_clustring/217927_128.jpg,128
263103,/w/246/gzk/PPMI/T1_PD_clustring/263103_128.jpg,128
606285,/w/246/gzk/PPMI/T1_PD_clustring/606285_128.jpg,128
606309,/w/246/gzk/PPMI/T1_PD_clustring/606309_128.jpg,128
188263,/w/246/gzk/PPMI/T1_PD_clustring/188263_128.jpg,128
217931,/w/246/gzk/PPMI/T1_PD_clustring/217931_128.jpg,128
250448,/w/246/gzk/PPMI/T1_PD_clustring/250448_128.jpg,128
606308,/w/246/gzk/PPMI/T1_PD_clustring/606308_128.jpg,128
566051,/w/246/gzk/PPMI/T1_PD_clustring/566051_128.jpg,128
850573,/w/246/gzk/PPMI/T1_PD_clustring/850573_128.jpg,128
566052,/w/246/gzk/PPMI/T1_PD_clustring/566052_128.jpg,128
234801,/w/246/gzk/PPMI/T1_PD_clustring/234801_128.jpg,128
566053,/w/246/gzk/PPMI/T1_PD_clustring/566053_128.jpg,128
850575,/w/246/gzk/PPMI/T1_PD_clustring/850575_128.jpg,128
606315,/w/246/gzk/PPMI/T1_PD_clustring/606315_128.jpg,128
606316,/w/246/gzk/PPMI/T1_PD_clustring/606316_128.jpg,128
189975,/w/246/gzk/PPMI/T1_PD_clustring/189975_128.jpg,128
221749,/w/246/gzk/PPMI/T1_PD_clustring/221749_128.jpg,128
606314,/w/246/gzk/PPMI/T1_PD_clustring/606314_128.jpg,128
263111,/w/246/gzk/PPMI/T1_PD_clustring/263111_128.jpg,128
606321,/w/246/gzk/PPMI/T1_PD_clustring/606321_128.jpg,128
187117,/w/246/gzk/PPMI/T1_PD_clustring/187117_128.jpg,128
221751,/w/246/gzk/PPMI/T1_PD_clustring/221751_128.jpg,128
263107,/w/246/gzk/PPMI/T1_PD_clustring/263107_128.jpg,128
606322,/w/246/gzk/PPMI/T1_PD_clustring/606322_128.jpg,128
178160,/w/246/gzk/PPMI/T1_PD_clustring/178160_128.jpg,128
180340,/w/246/gzk/PPMI/T1_PD_clustring/180340_128.jpg,128
1065616,/w/246/gzk/PPMI/T1_PD_clustring/1065616_8.jpg,8
1065617,/w/246/gzk/PPMI/T1_PD_clustring/1065617_8.jpg,8
1065618,/w/246/gzk/PPMI/T1_PD_clustring/1065618_8.jpg,8
1065619,/w/246/gzk/PPMI/T1_PD_clustring/1065619_8.jpg,8
1065620,/w/246/gzk/PPMI/T1_PD_clustring/1065620_8.jpg,8
648926,/w/246/gzk/PPMI/T1_PD_clustring/648926_128.jpg,128
648927,/w/246/gzk/PPMI/T1_PD_clustring/648927_128.jpg,128
689653,/w/246/gzk/PPMI/T1_PD_clustring/689653_128.jpg,128
871264,/w/246/gzk/PPMI/T1_PD_clustring/871264_128.jpg,128
689655,/w/246/gzk/PPMI/T1_PD_clustring/689655_128.jpg,128
871265,/w/246/gzk/PPMI/T1_PD_clustring/871265_128.jpg,128
689710,/w/246/gzk/PPMI/T1_PD_clustring/689710_128.jpg,128
689709,/w/246/gzk/PPMI/T1_PD_clustring/689709_128.jpg,128
1068723,/w/246/gzk/PPMI/T1_PD_clustring/1068723_8.jpg,8
1068724,/w/246/gzk/PPMI/T1_PD_clustring/1068724_8.jpg,8
1068725,/w/246/gzk/PPMI/T1_PD_clustring/1068725_8.jpg,8
1068726,/w/246/gzk/PPMI/T1_PD_clustring/1068726_8.jpg,8
1068727,/w/246/gzk/PPMI/T1_PD_clustring/1068727_8.jpg,8
968302,/w/246/gzk/PPMI/T1_PD_clustring/968302_128.jpg,128
968301,/w/246/gzk/PPMI/T1_PD_clustring/968301_128.jpg,128
180357,/w/246/gzk/PPMI/T1_PD_clustring/180357_128.jpg,128
249213,/w/246/gzk/PPMI/T1_PD_clustring/249213_128.jpg,128
180359,/w/246/gzk/PPMI/T1_PD_clustring/180359_128.jpg,128
180363,/w/246/gzk/PPMI/T1_PD_clustring/180363_128.jpg,128
249216,/w/246/gzk/PPMI/T1_PD_clustring/249216_128.jpg,128
180369,/w/246/gzk/PPMI/T1_PD_clustring/180369_128.jpg,128
532381,/w/246/gzk/PPMI/T1_PD_clustring/532381_128.jpg,128
532384,/w/246/gzk/PPMI/T1_PD_clustring/532384_128.jpg,128
180400,/w/246/gzk/PPMI/T1_PD_clustring/180400_128.jpg,128
180404,/w/246/gzk/PPMI/T1_PD_clustring/180404_128.jpg,128
151649,/w/246/gzk/PPMI/T1_PD_clustring/151649_128.jpg,128
180853,/w/246/gzk/PPMI/T1_PD_clustring/180853_128.jpg,128
532391,/w/246/gzk/PPMI/T1_PD_clustring/532391_128.jpg,128
532394,/w/246/gzk/PPMI/T1_PD_clustring/532394_128.jpg,128
532397,/w/246/gzk/PPMI/T1_PD_clustring/532397_128.jpg,128
532400,/w/246/gzk/PPMI/T1_PD_clustring/532400_128.jpg,128
532403,/w/246/gzk/PPMI/T1_PD_clustring/532403_128.jpg,128
193215,/w/246/gzk/PPMI/T1_PD_clustring/193215_128.jpg,128
228533,/w/246/gzk/PPMI/T1_PD_clustring/228533_128.jpg,128
228534,/w/246/gzk/PPMI/T1_PD_clustring/228534_128.jpg,128
228539,/w/246/gzk/PPMI/T1_PD_clustring/228539_128.jpg,128
235830,/w/246/gzk/PPMI/T1_PD_clustring/235830_128.jpg,128
235832,/w/246/gzk/PPMI/T1_PD_clustring/235832_128.jpg,128
184939,/w/246/gzk/PPMI/T1_PD_clustring/184939_128.jpg,128
235834,/w/246/gzk/PPMI/T1_PD_clustring/235834_128.jpg,128
244826,/w/246/gzk/PPMI/T1_PD_clustring/244826_128.jpg,128
184943,/w/246/gzk/PPMI/T1_PD_clustring/184943_128.jpg,128
184947,/w/246/gzk/PPMI/T1_PD_clustring/184947_128.jpg,128
261710,/w/246/gzk/PPMI/T1_PD_clustring/261710_128.jpg,128
261715,/w/246/gzk/PPMI/T1_PD_clustring/261715_144.jpg,144
326050,/w/246/gzk/PPMI/T1_PD_clustring/326050_128.jpg,128
973684,/w/246/gzk/PPMI/T1_PD_clustring/973684_128.jpg,128
190714,/w/246/gzk/PPMI/T1_PD_clustring/190714_128.jpg,128
787810,/w/246/gzk/PPMI/T1_PD_clustring/787810_144.jpg,144
787809,/w/246/gzk/PPMI/T1_PD_clustring/787809_144.jpg,144
973633,/w/246/gzk/PPMI/T1_PD_clustring/973633_128.jpg,128
973637,/w/246/gzk/PPMI/T1_PD_clustring/973637_128.jpg,128
973632,/w/246/gzk/PPMI/T1_PD_clustring/973632_128.jpg,128
973631,/w/246/gzk/PPMI/T1_PD_clustring/973631_128.jpg,128
973636,/w/246/gzk/PPMI/T1_PD_clustring/973636_128.jpg,128
973639,/w/246/gzk/PPMI/T1_PD_clustring/973639_128.jpg,128
973634,/w/246/gzk/PPMI/T1_PD_clustring/973634_27.jpg,27
973635,/w/246/gzk/PPMI/T1_PD_clustring/973635_27.jpg,27
973638,/w/246/gzk/PPMI/T1_PD_clustring/973638_27.jpg,27
184952,/w/246/gzk/PPMI/T1_PD_clustring/184952_128.jpg,128
184955,/w/246/gzk/PPMI/T1_PD_clustring/184955_128.jpg,128
186555,/w/246/gzk/PPMI/T1_PD_clustring/186555_128.jpg,128
186559,/w/246/gzk/PPMI/T1_PD_clustring/186559_128.jpg,128
250456,/w/246/gzk/PPMI/T1_PD_clustring/250456_128.jpg,128
186569,/w/246/gzk/PPMI/T1_PD_clustring/186569_128.jpg,128
226147,/w/246/gzk/PPMI/T1_PD_clustring/226147_128.jpg,128
792184,/w/246/gzk/PPMI/T1_PD_clustring/792184_128.jpg,128
792185,/w/246/gzk/PPMI/T1_PD_clustring/792185_128.jpg,128
446273,/w/246/gzk/PPMI/T1_PD_clustring/446273_128.jpg,128
446269,/w/246/gzk/PPMI/T1_PD_clustring/446269_128.jpg,128
178993,/w/246/gzk/PPMI/T1_PD_clustring/178993_128.jpg,128
648941,/w/246/gzk/PPMI/T1_PD_clustring/648941_128.jpg,128
648942,/w/246/gzk/PPMI/T1_PD_clustring/648942_128.jpg,128
213551,/w/246/gzk/PPMI/T1_PD_clustring/213551_128.jpg,128
185661,/w/246/gzk/PPMI/T1_PD_clustring/185661_128.jpg,128
308750,/w/246/gzk/PPMI/T1_PD_clustring/308750_128.jpg,128
648943,/w/246/gzk/PPMI/T1_PD_clustring/648943_128.jpg,128
606344,/w/246/gzk/PPMI/T1_PD_clustring/606344_128.jpg,128
606345,/w/246/gzk/PPMI/T1_PD_clustring/606345_128.jpg,128
606346,/w/246/gzk/PPMI/T1_PD_clustring/606346_128.jpg,128
181392,/w/246/gzk/PPMI/T1_PD_clustring/181392_128.jpg,128
217936,/w/246/gzk/PPMI/T1_PD_clustring/217936_128.jpg,128
308752,/w/246/gzk/PPMI/T1_PD_clustring/308752_128.jpg,128
606347,/w/246/gzk/PPMI/T1_PD_clustring/606347_128.jpg,128
181397,/w/246/gzk/PPMI/T1_PD_clustring/181397_128.jpg,128
213555,/w/246/gzk/PPMI/T1_PD_clustring/213555_128.jpg,128
308758,/w/246/gzk/PPMI/T1_PD_clustring/308758_128.jpg,128
226164,/w/246/gzk/PPMI/T1_PD_clustring/226164_128.jpg,128
689720,/w/246/gzk/PPMI/T1_PD_clustring/689720_128.jpg,128
689721,/w/246/gzk/PPMI/T1_PD_clustring/689721_128.jpg,128
689722,/w/246/gzk/PPMI/T1_PD_clustring/689722_128.jpg,128
308767,/w/246/gzk/PPMI/T1_PD_clustring/308767_128.jpg,128
226173,/w/246/gzk/PPMI/T1_PD_clustring/226173_128.jpg,128
180410,/w/246/gzk/PPMI/T1_PD_clustring/180410_128.jpg,128
180413,/w/246/gzk/PPMI/T1_PD_clustring/180413_128.jpg,128
180414,/w/246/gzk/PPMI/T1_PD_clustring/180414_128.jpg,128
184959,/w/246/gzk/PPMI/T1_PD_clustring/184959_128.jpg,128
184963,/w/246/gzk/PPMI/T1_PD_clustring/184963_128.jpg,128
178163,/w/246/gzk/PPMI/T1_PD_clustring/178163_128.jpg,128
180419,/w/246/gzk/PPMI/T1_PD_clustring/180419_128.jpg,128
180423,/w/246/gzk/PPMI/T1_PD_clustring/180423_128.jpg,128
180428,/w/246/gzk/PPMI/T1_PD_clustring/180428_128.jpg,128
180431,/w/246/gzk/PPMI/T1_PD_clustring/180431_128.jpg,128
184967,/w/246/gzk/PPMI/T1_PD_clustring/184967_128.jpg,128
184970,/w/246/gzk/PPMI/T1_PD_clustring/184970_128.jpg,128
184974,/w/246/gzk/PPMI/T1_PD_clustring/184974_128.jpg,128
184978,/w/246/gzk/PPMI/T1_PD_clustring/184978_128.jpg,128
184980,/w/246/gzk/PPMI/T1_PD_clustring/184980_128.jpg,128
184983,/w/246/gzk/PPMI/T1_PD_clustring/184983_128.jpg,128
186577,/w/246/gzk/PPMI/T1_PD_clustring/186577_128.jpg,128
184986,/w/246/gzk/PPMI/T1_PD_clustring/184986_128.jpg,128
186580,/w/246/gzk/PPMI/T1_PD_clustring/186580_128.jpg,128
186582,/w/246/gzk/PPMI/T1_PD_clustring/186582_128.jpg,128
189297,/w/246/gzk/PPMI/T1_PD_clustring/189297_128.jpg,128
871269,/w/246/gzk/PPMI/T1_PD_clustring/871269_128.jpg,128
871270,/w/246/gzk/PPMI/T1_PD_clustring/871270_128.jpg,128
871271,/w/246/gzk/PPMI/T1_PD_clustring/871271_128.jpg,128
308778,/w/246/gzk/PPMI/T1_PD_clustring/308778_128.jpg,128
186590,/w/246/gzk/PPMI/T1_PD_clustring/186590_128.jpg,128
190731,/w/246/gzk/PPMI/T1_PD_clustring/190731_128.jpg,128
190739,/w/246/gzk/PPMI/T1_PD_clustring/190739_128.jpg,128
199215,/w/246/gzk/PPMI/T1_PD_clustring/199215_17.jpg,17
193084,/w/246/gzk/PPMI/T1_PD_clustring/193084_128.jpg,128
308791,/w/246/gzk/PPMI/T1_PD_clustring/308791_128.jpg,128
331855,/w/246/gzk/PPMI/T1_PD_clustring/331855_88.jpg,88
385560,/w/246/gzk/PPMI/T1_PD_clustring/385560_128.jpg,128
385557,/w/246/gzk/PPMI/T1_PD_clustring/385557_88.jpg,88
385559,/w/246/gzk/PPMI/T1_PD_clustring/385559_88.jpg,88
331859,/w/246/gzk/PPMI/T1_PD_clustring/331859_128.jpg,128
331857,/w/246/gzk/PPMI/T1_PD_clustring/331857_88.jpg,88
1067865,/w/246/gzk/PPMI/T1_PD_clustring/1067865_8.jpg,8
1067866,/w/246/gzk/PPMI/T1_PD_clustring/1067866_8.jpg,8
1067867,/w/246/gzk/PPMI/T1_PD_clustring/1067867_8.jpg,8
1067868,/w/246/gzk/PPMI/T1_PD_clustring/1067868_8.jpg,8
1067869,/w/246/gzk/PPMI/T1_PD_clustring/1067869_8.jpg,8
193229,/w/246/gzk/PPMI/T1_PD_clustring/193229_128.jpg,128
193241,/w/246/gzk/PPMI/T1_PD_clustring/193241_128.jpg,128
225641,/w/246/gzk/PPMI/T1_PD_clustring/225641_128.jpg,128
244830,/w/246/gzk/PPMI/T1_PD_clustring/244830_128.jpg,128
244831,/w/246/gzk/PPMI/T1_PD_clustring/244831_128.jpg,128
261745,/w/246/gzk/PPMI/T1_PD_clustring/261745_128.jpg,128
244835,/w/246/gzk/PPMI/T1_PD_clustring/244835_128.jpg,128
990748,/w/246/gzk/PPMI/T1_PD_clustring/990748_128.jpg,128
244838,/w/246/gzk/PPMI/T1_PD_clustring/244838_128.jpg,128
249226,/w/246/gzk/PPMI/T1_PD_clustring/249226_128.jpg,128
990555,/w/246/gzk/PPMI/T1_PD_clustring/990555_128.jpg,128
270814,/w/246/gzk/PPMI/T1_PD_clustring/270814_128.jpg,128
493641,/w/246/gzk/PPMI/T1_PD_clustring/493641_128.jpg,128
606351,/w/246/gzk/PPMI/T1_PD_clustring/606351_128.jpg,128
989244,/w/246/gzk/PPMI/T1_PD_clustring/989244_128.jpg,128
493639,/w/246/gzk/PPMI/T1_PD_clustring/493639_128.jpg,128
606352,/w/246/gzk/PPMI/T1_PD_clustring/606352_128.jpg,128
989243,/w/246/gzk/PPMI/T1_PD_clustring/989243_128.jpg,128
510985,/w/246/gzk/PPMI/T1_PD_clustring/510985_128.jpg,128
648947,/w/246/gzk/PPMI/T1_PD_clustring/648947_128.jpg,128
648983,/w/246/gzk/PPMI/T1_PD_clustring/648983_128.jpg,128
510987,/w/246/gzk/PPMI/T1_PD_clustring/510987_128.jpg,128
648982,/w/246/gzk/PPMI/T1_PD_clustring/648982_128.jpg,128
648981,/w/246/gzk/PPMI/T1_PD_clustring/648981_128.jpg,128
261720,/w/246/gzk/PPMI/T1_PD_clustring/261720_128.jpg,128
261726,/w/246/gzk/PPMI/T1_PD_clustring/261726_128.jpg,128
270841,/w/246/gzk/PPMI/T1_PD_clustring/270841_128.jpg,128
648987,/w/246/gzk/PPMI/T1_PD_clustring/648987_128.jpg,128
968306,/w/246/gzk/PPMI/T1_PD_clustring/968306_128.jpg,128
968308,/w/246/gzk/PPMI/T1_PD_clustring/968308_128.jpg,128
648988,/w/246/gzk/PPMI/T1_PD_clustring/648988_128.jpg,128
968307,/w/246/gzk/PPMI/T1_PD_clustring/968307_128.jpg,128
308809,/w/246/gzk/PPMI/T1_PD_clustring/308809_128.jpg,128
792195,/w/246/gzk/PPMI/T1_PD_clustring/792195_128.jpg,128
1000907,/w/246/gzk/PPMI/T1_PD_clustring/1000907_128.jpg,128
792196,/w/246/gzk/PPMI/T1_PD_clustring/792196_128.jpg,128
575645,/w/246/gzk/PPMI/T1_PD_clustring/575645_128.jpg,128
575646,/w/246/gzk/PPMI/T1_PD_clustring/575646_128.jpg,128
606356,/w/246/gzk/PPMI/T1_PD_clustring/606356_128.jpg,128
606358,/w/246/gzk/PPMI/T1_PD_clustring/606358_128.jpg,128
606357,/w/246/gzk/PPMI/T1_PD_clustring/606357_128.jpg,128
606379,/w/246/gzk/PPMI/T1_PD_clustring/606379_128.jpg,128
871275,/w/246/gzk/PPMI/T1_PD_clustring/871275_128.jpg,128
871277,/w/246/gzk/PPMI/T1_PD_clustring/871277_128.jpg,128
606380,/w/246/gzk/PPMI/T1_PD_clustring/606380_128.jpg,128
871276,/w/246/gzk/PPMI/T1_PD_clustring/871276_128.jpg,128
990750,/w/246/gzk/PPMI/T1_PD_clustring/990750_128.jpg,128
1077123,/w/246/gzk/PPMI/T1_PD_clustring/1077123_8.jpg,8
1077124,/w/246/gzk/PPMI/T1_PD_clustring/1077124_8.jpg,8
1077125,/w/246/gzk/PPMI/T1_PD_clustring/1077125_8.jpg,8
1077126,/w/246/gzk/PPMI/T1_PD_clustring/1077126_8.jpg,8
1077127,/w/246/gzk/PPMI/T1_PD_clustring/1077127_8.jpg,8
792147,/w/246/gzk/PPMI/T1_PD_clustring/792147_128.jpg,128
792148,/w/246/gzk/PPMI/T1_PD_clustring/792148_128.jpg,128
689768,/w/246/gzk/PPMI/T1_PD_clustring/689768_128.jpg,128
689769,/w/246/gzk/PPMI/T1_PD_clustring/689769_128.jpg,128
689770,/w/246/gzk/PPMI/T1_PD_clustring/689770_128.jpg,128
973976,/w/246/gzk/PPMI/T1_PD_clustring/973976_128.jpg,128
973977,/w/246/gzk/PPMI/T1_PD_clustring/973977_128.jpg,128
1064688,/w/246/gzk/PPMI/T1_PD_clustring/1064688_8.jpg,8
1064689,/w/246/gzk/PPMI/T1_PD_clustring/1064689_8.jpg,8
1064690,/w/246/gzk/PPMI/T1_PD_clustring/1064690_8.jpg,8
1064691,/w/246/gzk/PPMI/T1_PD_clustring/1064691_8.jpg,8
1064692,/w/246/gzk/PPMI/T1_PD_clustring/1064692_8.jpg,8
871900,/w/246/gzk/PPMI/T1_PD_clustring/871900_224.jpg,224
871898,/w/246/gzk/PPMI/T1_PD_clustring/871898_25.jpg,25
308810,/w/246/gzk/PPMI/T1_PD_clustring/308810_128.jpg,128
493646,/w/246/gzk/PPMI/T1_PD_clustring/493646_128.jpg,128
493644,/w/246/gzk/PPMI/T1_PD_clustring/493644_128.jpg,128
234813,/w/246/gzk/PPMI/T1_PD_clustring/234813_128.jpg,128
254426,/w/246/gzk/PPMI/T1_PD_clustring/254426_128.jpg,128
326078,/w/246/gzk/PPMI/T1_PD_clustring/326078_128.jpg,128
326079,/w/246/gzk/PPMI/T1_PD_clustring/326079_128.jpg,128
360882,/w/246/gzk/PPMI/T1_PD_clustring/360882_128.jpg,128
796614,/w/246/gzk/PPMI/T1_PD_clustring/796614_128.jpg,128
243878,/w/246/gzk/PPMI/T1_PD_clustring/243878_128.jpg,128
796615,/w/246/gzk/PPMI/T1_PD_clustring/796615_128.jpg,128
405077,/w/246/gzk/PPMI/T1_PD_clustring/405077_128.jpg,128
405078,/w/246/gzk/PPMI/T1_PD_clustring/405078_128.jpg,128
270844,/w/246/gzk/PPMI/T1_PD_clustring/270844_128.jpg,128
244847,/w/246/gzk/PPMI/T1_PD_clustring/244847_128.jpg,128
575708,/w/246/gzk/PPMI/T1_PD_clustring/575708_128.jpg,128
850835,/w/246/gzk/PPMI/T1_PD_clustring/850835_128.jpg,128
259039,/w/246/gzk/PPMI/T1_PD_clustring/259039_128.jpg,128
575709,/w/246/gzk/PPMI/T1_PD_clustring/575709_128.jpg,128
850836,/w/246/gzk/PPMI/T1_PD_clustring/850836_128.jpg,128
649043,/w/246/gzk/PPMI/T1_PD_clustring/649043_128.jpg,128
649044,/w/246/gzk/PPMI/T1_PD_clustring/649044_128.jpg,128
264344,/w/246/gzk/PPMI/T1_PD_clustring/264344_128.jpg,128
513740,/w/246/gzk/PPMI/T1_PD_clustring/513740_128.jpg,128
513741,/w/246/gzk/PPMI/T1_PD_clustring/513741_128.jpg,128
326093,/w/246/gzk/PPMI/T1_PD_clustring/326093_45.jpg,45
326094,/w/246/gzk/PPMI/T1_PD_clustring/326094_256.jpg,256
270848,/w/246/gzk/PPMI/T1_PD_clustring/270848_96.jpg,96
270850,/w/246/gzk/PPMI/T1_PD_clustring/270850_96.jpg,96
643702,/w/246/gzk/PPMI/T1_PD_clustring/643702_128.jpg,128
643703,/w/246/gzk/PPMI/T1_PD_clustring/643703_128.jpg,128
649072,/w/246/gzk/PPMI/T1_PD_clustring/649072_128.jpg,128
370883,/w/246/gzk/PPMI/T1_PD_clustring/370883_12.jpg,12
331864,/w/246/gzk/PPMI/T1_PD_clustring/331864_128.jpg,128
690128,/w/246/gzk/PPMI/T1_PD_clustring/690128_128.jpg,128
968327,/w/246/gzk/PPMI/T1_PD_clustring/968327_128.jpg,128
331865,/w/246/gzk/PPMI/T1_PD_clustring/331865_128.jpg,128
690127,/w/246/gzk/PPMI/T1_PD_clustring/690127_128.jpg,128
968328,/w/246/gzk/PPMI/T1_PD_clustring/968328_128.jpg,128
690138,/w/246/gzk/PPMI/T1_PD_clustring/690138_128.jpg,128
989181,/w/246/gzk/PPMI/T1_PD_clustring/989181_128.jpg,128
308816,/w/246/gzk/PPMI/T1_PD_clustring/308816_128.jpg,128
308817,/w/246/gzk/PPMI/T1_PD_clustring/308817_128.jpg,128
690139,/w/246/gzk/PPMI/T1_PD_clustring/690139_128.jpg,128
989182,/w/246/gzk/PPMI/T1_PD_clustring/989182_128.jpg,128
370889,/w/246/gzk/PPMI/T1_PD_clustring/370889_65.jpg,65
467603,/w/246/gzk/PPMI/T1_PD_clustring/467603_128.jpg,128
968412,/w/246/gzk/PPMI/T1_PD_clustring/968412_128.jpg,128
467604,/w/246/gzk/PPMI/T1_PD_clustring/467604_128.jpg,128
968413,/w/246/gzk/PPMI/T1_PD_clustring/968413_128.jpg,128
391625,/w/246/gzk/PPMI/T1_PD_clustring/391625_128.jpg,128
370897,/w/246/gzk/PPMI/T1_PD_clustring/370897_96.jpg,96
661407,/w/246/gzk/PPMI/T1_PD_clustring/661407_128.jpg,128
968466,/w/246/gzk/PPMI/T1_PD_clustring/968466_128.jpg,128
661409,/w/246/gzk/PPMI/T1_PD_clustring/661409_128.jpg,128
968468,/w/246/gzk/PPMI/T1_PD_clustring/968468_128.jpg,128
331875,/w/246/gzk/PPMI/T1_PD_clustring/331875_128.jpg,128
661408,/w/246/gzk/PPMI/T1_PD_clustring/661408_128.jpg,128
968467,/w/246/gzk/PPMI/T1_PD_clustring/968467_128.jpg,128
1064827,/w/246/gzk/PPMI/T1_PD_clustring/1064827_8.jpg,8
1064828,/w/246/gzk/PPMI/T1_PD_clustring/1064828_8.jpg,8
1064829,/w/246/gzk/PPMI/T1_PD_clustring/1064829_8.jpg,8
1064830,/w/246/gzk/PPMI/T1_PD_clustring/1064830_8.jpg,8
1064831,/w/246/gzk/PPMI/T1_PD_clustring/1064831_8.jpg,8
547141,/w/246/gzk/PPMI/T1_PD_clustring/547141_128.jpg,128
547142,/w/246/gzk/PPMI/T1_PD_clustring/547142_128.jpg,128
968473,/w/246/gzk/PPMI/T1_PD_clustring/968473_128.jpg,128
968474,/w/246/gzk/PPMI/T1_PD_clustring/968474_128.jpg,128
484496,/w/246/gzk/PPMI/T1_PD_clustring/484496_128.jpg,128
458967,/w/246/gzk/PPMI/T1_PD_clustring/458967_128.jpg,128
504013,/w/246/gzk/PPMI/T1_PD_clustring/504013_128.jpg,128
560168,/w/246/gzk/PPMI/T1_PD_clustring/560168_128.jpg,128
850842,/w/246/gzk/PPMI/T1_PD_clustring/850842_128.jpg,128
560167,/w/246/gzk/PPMI/T1_PD_clustring/560167_128.jpg,128
850841,/w/246/gzk/PPMI/T1_PD_clustring/850841_128.jpg,128
871292,/w/246/gzk/PPMI/T1_PD_clustring/871292_128.jpg,128
871294,/w/246/gzk/PPMI/T1_PD_clustring/871294_128.jpg,128
871293,/w/246/gzk/PPMI/T1_PD_clustring/871293_128.jpg,128
504037,/w/246/gzk/PPMI/T1_PD_clustring/504037_128.jpg,128
1061390,/w/246/gzk/PPMI/T1_PD_clustring/1061390_8.jpg,8
1061391,/w/246/gzk/PPMI/T1_PD_clustring/1061391_8.jpg,8
1061392,/w/246/gzk/PPMI/T1_PD_clustring/1061392_8.jpg,8
1061393,/w/246/gzk/PPMI/T1_PD_clustring/1061393_8.jpg,8
1061394,/w/246/gzk/PPMI/T1_PD_clustring/1061394_8.jpg,8
1061395,/w/246/gzk/PPMI/T1_PD_clustring/1061395_8.jpg,8
1061396,/w/246/gzk/PPMI/T1_PD_clustring/1061396_8.jpg,8
1061397,/w/246/gzk/PPMI/T1_PD_clustring/1061397_8.jpg,8
1061398,/w/246/gzk/PPMI/T1_PD_clustring/1061398_8.jpg,8
1061399,/w/246/gzk/PPMI/T1_PD_clustring/1061399_8.jpg,8
1061255,/w/246/gzk/PPMI/T1_PD_clustring/1061255_8.jpg,8
1061256,/w/246/gzk/PPMI/T1_PD_clustring/1061256_8.jpg,8
1061257,/w/246/gzk/PPMI/T1_PD_clustring/1061257_8.jpg,8
1061258,/w/246/gzk/PPMI/T1_PD_clustring/1061258_8.jpg,8
1061259,/w/246/gzk/PPMI/T1_PD_clustring/1061259_8.jpg,8
1061260,/w/246/gzk/PPMI/T1_PD_clustring/1061260_8.jpg,8
1061261,/w/246/gzk/PPMI/T1_PD_clustring/1061261_8.jpg,8
1061262,/w/246/gzk/PPMI/T1_PD_clustring/1061262_8.jpg,8
1061263,/w/246/gzk/PPMI/T1_PD_clustring/1061263_8.jpg,8
1061264,/w/246/gzk/PPMI/T1_PD_clustring/1061264_8.jpg,8
513770,/w/246/gzk/PPMI/T1_PD_clustring/513770_96.jpg,96
513771,/w/246/gzk/PPMI/T1_PD_clustring/513771_96.jpg,96
575772,/w/246/gzk/PPMI/T1_PD_clustring/575772_128.jpg,128
575773,/w/246/gzk/PPMI/T1_PD_clustring/575773_128.jpg,128
1061405,/w/246/gzk/PPMI/T1_PD_clustring/1061405_8.jpg,8
1061406,/w/246/gzk/PPMI/T1_PD_clustring/1061406_8.jpg,8
1061407,/w/246/gzk/PPMI/T1_PD_clustring/1061407_8.jpg,8
1061408,/w/246/gzk/PPMI/T1_PD_clustring/1061408_8.jpg,8
1061409,/w/246/gzk/PPMI/T1_PD_clustring/1061409_8.jpg,8
1061410,/w/246/gzk/PPMI/T1_PD_clustring/1061410_8.jpg,8
1061411,/w/246/gzk/PPMI/T1_PD_clustring/1061411_8.jpg,8
1061412,/w/246/gzk/PPMI/T1_PD_clustring/1061412_8.jpg,8
1061413,/w/246/gzk/PPMI/T1_PD_clustring/1061413_8.jpg,8
1061414,/w/246/gzk/PPMI/T1_PD_clustring/1061414_8.jpg,8
848757,/w/246/gzk/PPMI/T1_PD_clustring/848757_224.jpg,224
848752,/w/246/gzk/PPMI/T1_PD_clustring/848752_25.jpg,25
599398,/w/246/gzk/PPMI/T1_PD_clustring/599398_128.jpg,128
1061436,/w/246/gzk/PPMI/T1_PD_clustring/1061436_8.jpg,8
1061437,/w/246/gzk/PPMI/T1_PD_clustring/1061437_8.jpg,8
1061438,/w/246/gzk/PPMI/T1_PD_clustring/1061438_8.jpg,8
1061439,/w/246/gzk/PPMI/T1_PD_clustring/1061439_8.jpg,8
1061440,/w/246/gzk/PPMI/T1_PD_clustring/1061440_8.jpg,8
1061441,/w/246/gzk/PPMI/T1_PD_clustring/1061441_8.jpg,8
1061442,/w/246/gzk/PPMI/T1_PD_clustring/1061442_8.jpg,8
1061443,/w/246/gzk/PPMI/T1_PD_clustring/1061443_8.jpg,8
1061444,/w/246/gzk/PPMI/T1_PD_clustring/1061444_8.jpg,8
1061445,/w/246/gzk/PPMI/T1_PD_clustring/1061445_8.jpg,8
1061468,/w/246/gzk/PPMI/T1_PD_clustring/1061468_8.jpg,8
1061469,/w/246/gzk/PPMI/T1_PD_clustring/1061469_8.jpg,8
1061470,/w/246/gzk/PPMI/T1_PD_clustring/1061470_8.jpg,8
1061471,/w/246/gzk/PPMI/T1_PD_clustring/1061471_8.jpg,8
1061472,/w/246/gzk/PPMI/T1_PD_clustring/1061472_8.jpg,8
1061473,/w/246/gzk/PPMI/T1_PD_clustring/1061473_8.jpg,8
1061474,/w/246/gzk/PPMI/T1_PD_clustring/1061474_8.jpg,8
1061475,/w/246/gzk/PPMI/T1_PD_clustring/1061475_8.jpg,8
1061476,/w/246/gzk/PPMI/T1_PD_clustring/1061476_8.jpg,8
1061477,/w/246/gzk/PPMI/T1_PD_clustring/1061477_8.jpg,8
1068780,/w/246/gzk/PPMI/T1_PD_clustring/1068780_8.jpg,8
1068781,/w/246/gzk/PPMI/T1_PD_clustring/1068781_8.jpg,8
1068782,/w/246/gzk/PPMI/T1_PD_clustring/1068782_8.jpg,8
1068783,/w/246/gzk/PPMI/T1_PD_clustring/1068783_8.jpg,8
1068784,/w/246/gzk/PPMI/T1_PD_clustring/1068784_8.jpg,8
1068785,/w/246/gzk/PPMI/T1_PD_clustring/1068785_8.jpg,8
1068786,/w/246/gzk/PPMI/T1_PD_clustring/1068786_8.jpg,8
1068787,/w/246/gzk/PPMI/T1_PD_clustring/1068787_8.jpg,8
1068788,/w/246/gzk/PPMI/T1_PD_clustring/1068788_8.jpg,8
1068789,/w/246/gzk/PPMI/T1_PD_clustring/1068789_8.jpg,8
974018,/w/246/gzk/PPMI/T1_PD_clustring/974018_128.jpg,128
974072,/w/246/gzk/PPMI/T1_PD_clustring/974072_128.jpg,128
974074,/w/246/gzk/PPMI/T1_PD_clustring/974074_128.jpg,128
974019,/w/246/gzk/PPMI/T1_PD_clustring/974019_128.jpg,128
974073,/w/246/gzk/PPMI/T1_PD_clustring/974073_128.jpg,128
690226,/w/246/gzk/PPMI/T1_PD_clustring/690226_128.jpg,128
690227,/w/246/gzk/PPMI/T1_PD_clustring/690227_128.jpg,128
848765,/w/246/gzk/PPMI/T1_PD_clustring/848765_128.jpg,128
848766,/w/246/gzk/PPMI/T1_PD_clustring/848766_128.jpg,128
787785,/w/246/gzk/PPMI/T1_PD_clustring/787785_128.jpg,128
787786,/w/246/gzk/PPMI/T1_PD_clustring/787786_128.jpg,128
848662,/w/246/gzk/PPMI/T1_PD_clustring/848662_128.jpg,128
848663,/w/246/gzk/PPMI/T1_PD_clustring/848663_128.jpg,128
848664,/w/246/gzk/PPMI/T1_PD_clustring/848664_128.jpg,128
848665,/w/246/gzk/PPMI/T1_PD_clustring/848665_128.jpg,128
848666,/w/246/gzk/PPMI/T1_PD_clustring/848666_128.jpg,128
848667,/w/246/gzk/PPMI/T1_PD_clustring/848667_128.jpg,128
848668,/w/246/gzk/PPMI/T1_PD_clustring/848668_128.jpg,128
788460,/w/246/gzk/PPMI/T1_PD_clustring/788460_128.jpg,128
975507,/w/246/gzk/PPMI/T1_PD_clustring/975507_128.jpg,128
848674,/w/246/gzk/PPMI/T1_PD_clustring/848674_128.jpg,128
1064431,/w/246/gzk/PPMI/T1_PD_clustring/1064431_8.jpg,8
1064432,/w/246/gzk/PPMI/T1_PD_clustring/1064432_8.jpg,8
1064433,/w/246/gzk/PPMI/T1_PD_clustring/1064433_8.jpg,8
1064434,/w/246/gzk/PPMI/T1_PD_clustring/1064434_8.jpg,8
1064435,/w/246/gzk/PPMI/T1_PD_clustring/1064435_8.jpg,8
1064436,/w/246/gzk/PPMI/T1_PD_clustring/1064436_8.jpg,8
1064437,/w/246/gzk/PPMI/T1_PD_clustring/1064437_8.jpg,8
1064438,/w/246/gzk/PPMI/T1_PD_clustring/1064438_8.jpg,8
1064439,/w/246/gzk/PPMI/T1_PD_clustring/1064439_8.jpg,8
1064440,/w/246/gzk/PPMI/T1_PD_clustring/1064440_8.jpg,8
1001026,/w/246/gzk/PPMI/T1_PD_clustring/1001026_128.jpg,128
1064514,/w/246/gzk/PPMI/T1_PD_clustring/1064514_8.jpg,8
1064515,/w/246/gzk/PPMI/T1_PD_clustring/1064515_8.jpg,8
1064516,/w/246/gzk/PPMI/T1_PD_clustring/1064516_8.jpg,8
1064517,/w/246/gzk/PPMI/T1_PD_clustring/1064517_8.jpg,8
1064518,/w/246/gzk/PPMI/T1_PD_clustring/1064518_8.jpg,8
1064519,/w/246/gzk/PPMI/T1_PD_clustring/1064519_8.jpg,8
1064520,/w/246/gzk/PPMI/T1_PD_clustring/1064520_8.jpg,8
1064521,/w/246/gzk/PPMI/T1_PD_clustring/1064521_8.jpg,8
1064522,/w/246/gzk/PPMI/T1_PD_clustring/1064522_8.jpg,8
1064523,/w/246/gzk/PPMI/T1_PD_clustring/1064523_8.jpg,8
966435,/w/246/gzk/PPMI/T1_PD_clustring/966435_96.jpg,96
966434,/w/246/gzk/PPMI/T1_PD_clustring/966434_96.jpg,96
975517,/w/246/gzk/PPMI/T1_PD_clustring/975517_128.jpg,128
1067802,/w/246/gzk/PPMI/T1_PD_clustring/1067802_8.jpg,8
1067804,/w/246/gzk/PPMI/T1_PD_clustring/1067804_8.jpg,8
1067806,/w/246/gzk/PPMI/T1_PD_clustring/1067806_8.jpg,8
1067808,/w/246/gzk/PPMI/T1_PD_clustring/1067808_8.jpg,8
1067810,/w/246/gzk/PPMI/T1_PD_clustring/1067810_8.jpg,8
848688,/w/246/gzk/PPMI/T1_PD_clustring/848688_128.jpg,128
848695,/w/246/gzk/PPMI/T1_PD_clustring/848695_128.jpg,128
848696,/w/246/gzk/PPMI/T1_PD_clustring/848696_128.jpg,128
848782,/w/246/gzk/PPMI/T1_PD_clustring/848782_224.jpg,224
848779,/w/246/gzk/PPMI/T1_PD_clustring/848779_25.jpg,25
968271,/w/246/gzk/PPMI/T1_PD_clustring/968271_128.jpg,128
848792,/w/246/gzk/PPMI/T1_PD_clustring/848792_128.jpg,128
